	Item ID	Source	Agency	Rep	Supplier	Customer	Account	Net billed	Added	Billing Month
0	n1225038	Insecta	SQL Answers	Jonah J. Jameson	PharoTek	Crypteroniaceae Cryptocleidus	83014037	$0.15 	2022-02-07	2022-07-01
1	n1292501	Dianil	DVD Bounce	Charlemagne	Impetus	Sagittariid & Sudanic Lodoicea	092010394940-	$2,750.00 	2022-01-15	
2	n1226331	Insecta	SQL Answers	Jonah J. Jameson	PharoTek	Crypteroniaceae Cryptocleidus	83014037	$0.15 	2022-02-07	2022-07-01
3	n1241320	Insecta	SQL Answers	Jonah J. Jameson	PharoTek	Julianto Kyrie Alaster Carniolan Iglulirmiut	21847304	$0.15 	2022-02-07	2022-07-01
4	n1275274	Dianil	PanGalactic GargleBlasters	Ricky Gervaise	SW Walker	Elysia & Epigaea Monostomum Loranthus	9763411515498	$54.74 	2022-07-13	
5	n1228098	Insecta	SQL Answers	Jonah J. Jameson	PharoTek	Crypteroniaceae Cryptocleidus	83014037	$0.15 	2022-02-07	2022-07-01
6	n1218240	Teucrian	Pursuit Partners	Dick Wolff	LocalMax	Pedetinae Madelon	74137147131	$84.95 	2022-09-12	Jun
7	n1219562	Insecta	DVD Bounce	Charlemagne	Physics Portmanteau	Slavophilism Aroras Saccomyoidea Megaric & Fermatian Lasi	B83M7790	$50.00 	2022-04-05	2022-07-31
8	n1224870	Insecta	SQL Answers	Jonah J. Jameson	PharoTek	Crypteroniaceae Cryptocleidus	83014037	$0.15 	2022-02-07	2022-07-01
9	n1201517	Insecta	Undertow Tech	Joey Bosa	PharoTek	Nanny Yale Sjouke	19384693	$0.11 	2022-02-06	2022-07-01
10	n1241841	Insecta	SQL Answers	Jonah J. Jameson	PharoTek	Axonopus Utopian Pleurobrachia	42859314	$0.14 	2022-02-07	2022-07-01
11	n1208641	Insecta	Undertow Tech	Joey Bosa	GhostGlass	Vespidae Ottomanize Apotactic Incan	376480	$20.00 	2022-02-06	2022-08-01
12	n1198650	Dianil	DVD Bounce	Charlemagne	Mettle Tester	Rubia Austrophilism Satanism Caesalpinia	738556	$0.00 	2022-01-18	09-08-22
13	n1265677	Antiochian Cocle	Undertow Tech	Joey Bosa	GhostGlass	Vespidae Ottomanize Apotactic Incan	441943	$72.00 	2022-02-06	
14	n1238715	Insecta	SQL Answers	Jonah J. Jameson	PharoTek	Desmanthus Sericocarpus & Capricorn	73883187	$0.15 	2022-02-07	2022-07-01
15	n1194424	Tarahumar - Siphonariidae & Elephantopus	LaTeX	Michael Scott	Skynet	Tagalo Porphyrianist Heliogabalize	433	$54.95 	2022-01-21	
16	n1223876	Insecta	SQL Answers	Jonah J. Jameson	PharoTek	Crypteroniaceae Cryptocleidus	83014037	$0.15 	2022-02-07	2022-07-01
17	n1252964	Antiochian Cocle	The Weather Channel	Gary Fern	Apple Core	Nemichthys	89211	$247.50 	2021-06-01	
18	n1248894	Insecta	Bermuda Triangle	Eleanor of Acquitaine	Ablative Company	Daedal Rasalas Ephydra	9112921	$916.00 	2022-01-24	2022-07-01
19	n1259661	Antiochian Cocle	U2	K2	Perfect Square	Diegueno Speranza	4421682B10140Q2	$115.00 	2021-08-27	7/1/2022 12:00:00 AM
20	n1204804	Insecta	Undertow Tech	Joey Bosa	Genomicon	Irishy Hochheimer Aglyphodonta Lamut	7208318	$26.00 	2022-03-07	2022-08-01
21	n1262514	Antiochian Cocle	Undertow Tech	Joey Bosa	Archery	Wochua Mayo Ineri	3605402	$28.53 	2022-02-06	
22	n1290021	Xenophonic	SQL Answers	Jonah J. Jameson	Mettle Tester	Mosaical Tang	73986	$41.29 	2022-02-06	
23	n1223466	Insecta	SQL Answers	Jonah J. Jameson	PharoTek	Mosaical Tang	22C505505G26-	$487.83 	2022-02-07	2022-07-01
24	n1200050	Insecta	Undertow Tech	Joey Bosa	Perfect Square	Rhodesoid Comtism Italiote	16O3-00020030C01	$20.36 	2022-02-06	2022-07-01
25	n1212960	Insecta	Undertow Tech	Joey Bosa	Darwin	Frenchwoman Anapterygota Knoxian & Sarcocystidea Lucia	-02270317413271	$65.24 	2022-02-06	2022-07-01
26	n1209943	Insecta	Undertow Tech	Joey Bosa	GhostGlass	Vespidae Ottomanize Apotactic Incan	104369	$205.00 	2022-02-06	2022-08-01
27	n1231991	Insecta	SQL Answers	Jonah J. Jameson	PharoTek	Crypteroniaceae Cryptocleidus	83014037	$0.15 	2022-02-07	2022-07-01
28	n1270693	Tarahumar - Siphonariidae & Elephantopus	LaTeX	Michael Scott	Skynet	Tartarology	48941	$69.95 	2022-03-04	
29	n1291271	Xenophonic	SQL Answers	Jonah J. Jameson	Mettle Tester	Tapachula Ibidinae	56197	$25.50 	2022-02-06	
30	n1247061	Insecta	SQL Answers	Jonah J. Jameson	Mettle Tester	Baxterian Carapacho	568572191710-	$389.00 	2022-02-07	2022-08-15
31	n1206996	Insecta	Undertow Tech	Joey Bosa	Physics Portmanteau	Anguillula Araua Ishmael	69350B1M	$393.75 	2022-02-06	2022-07-31
32	n1263104	Antiochian Cocle	Undertow Tech	Joey Bosa	Archery	Wochua Mayo Ineri	3605402	$29.05 	2022-02-06	
33	n1245513	Insecta	SQL Answers	Jonah J. Jameson	2D Limit	Wodenism	039743635	$1,674.00 	2022-02-07	2022-07-01
34	n1212588	Insecta	Undertow Tech	Joey Bosa	Fluss	Graptolithina	P4540204R	$0.00 	2022-02-06	2022-07-26
35	n1290309	Xenophonic	SQL Answers	Jonah J. Jameson	Mettle Tester	Mosaical Tang	73986	$37.50 	2022-02-06	
36	n1270296	Tarahumar - Siphonariidae & Elephantopus	LaTeX	Michael Scott	Wood Join	Pulvinaria Idoism Hottentotese	05504120	$68.00 	2022-01-21	
37	n1263968	Antiochian Cocle	Undertow Tech	Joey Bosa	GhostGlass	William	073898	$79.50 	2022-02-06	
38	n1197622	Teucrian	Cloud Atlas	Steve Rogers	Mettle Tester	Atacamenian Otuquian Shebat Christopher	843675	$40.00 	2022-03-31	Aug
39	n1273302	Antiochian Cocle	Pursuit Partners	Dick Wolff	A Stationary	Maenidae Israel Skittagetan Iowan	117333079	$25.00 	2022-09-12	
40	n1244627	Insecta	SQL Answers	Jonah J. Jameson	Rainbow	Tenggerese Senusian Phantasiast	4115005-10C0 6T218175W780	$187.97 	2022-02-07	2022-08-01
41	n1291823	Xenophonic	SQL Answers	Jonah J. Jameson	Mettle Tester	Tapachula Ibidinae	56197	($5.76)	2022-02-06	
42	n1264539	Antiochian Cocle	Undertow Tech	Joey Bosa	GhostGlass	Vespidae Ottomanize Apotactic Incan	294432	$169.16 	2022-02-06	
43	n1292735	Insecta	Treasure Planet	Sean Bean	PharoTek	Sabazianism Fife Cladodontidae Uzbak	622830832	$225.69 	2022-10-13	2022-07-01
44	n1290565	Xenophonic	SQL Answers	Jonah J. Jameson	Mettle Tester	Mosaical Tang	73986	$21.55 	2022-02-06	
45	n1232806	Insecta	SQL Answers	Jonah J. Jameson	PharoTek	Newmanite Helvetia Sulfasuxidine & Lernaeacea	G5-BMCQA-BLL	$908.52 	2022-02-07	2022-07-01
46	n1246755	Insecta	SQL Answers	Jonah J. Jameson	Youngfire	Eryon Notogaeic & Tritoness Procellaria Acrocomia Altaid	5-9014778-207	$479.20 	2022-02-07	2022-07-01
47	n1253598	Antiochian Cocle	The Weather Channel	Gary Fern	Perfect Square	360Insights	70O03730053A	$0.00 	2021-06-01	
48	n1252511	Insecta	Bermuda Triangle	Eleanor of Acquitaine	Fluss	Ulophocinae Lutayo Inigo	4P2050R6528	$257.80 	2022-01-24	2022-07-09
49	n1234772	Insecta	SQL Answers	Jonah J. Jameson	PharoTek	Desmanthus Sericocarpus & Capricorn	73883187	$0.15 	2022-02-07	2022-07-01
50	n1246458	Insecta	SQL Answers	Jonah J. Jameson	Countertop Comms	Sclerodermi Michael Crocodylus Langsdorffia	3241389	$503.84 	2022-02-07	2022-07-31
51	n1286068	Bdelloura	U2	Referral Plymouth	Latinate Cyrillica	Squalodontidae Stanley Archibald Tanoan Shepherdia	3713032	($60.00)	2021-07-09	
52	n1249957	Insecta	Bermuda Triangle	Eleanor of Acquitaine	Prescription Tees	Frenchy Nepa Babelize Ottomanean Squatarola Cyclotella	4031532470	$0.50 	2022-05-09	2022-07-23
53	n1214845	Teucrian	Pursuit Partners	Dick Wolff	Rainbow	Sabbatian Hydrophyllaceae	2684111404870760	$49.99 	2022-10-10	Jul
54	n1225612	Insecta	SQL Answers	Jonah J. Jameson	PharoTek	Crypteroniaceae Cryptocleidus	83014037	$0.15 	2022-02-07	2022-07-01
55	n1293128	Insecta	Treasure Planet	Sean Bean	Ear Throw	Anisoptera Bucconinae Calochortaceae	50434	$144.85 	2022-10-13	2022-07-21
56	n1232056	Insecta	SQL Answers	Jonah J. Jameson	PharoTek	Crypteroniaceae Cryptocleidus	83014037	$0.15 	2022-02-07	2022-07-01
57	n1292297	Xenophonic	SQL Answers	Jonah J. Jameson	Mettle Tester	Wodenism	88091	$14.99 	2022-02-06	
58	n1251758	Insecta	Bermuda Triangle	Eleanor of Acquitaine	GhostGlass	Trichoptera Songoi Daedalist Himantopus	644093	$21.10 	2022-01-24	2022-08-01
59	n1287450	Dianil	General Coelecanth Nativity	San Pelegrino	NASA	Colombina Marc Psittacomorphae Immanuel	28 2P19J6C6 SLV	$748.99 	2022-02-01	
60	n1222464	Insecta	SQL Answers	Jonah J. Jameson	Perfect Square	Israeliteship Vindemiatrix Mizar Labyrinthodonta	6C77500720O	$24.00 	2022-03-07	2022-06-01
61	n1236010	Insecta	SQL Answers	Jonah J. Jameson	PharoTek	Desmanthus Sericocarpus & Capricorn	73883187	$0.15 	2022-02-07	2022-07-01
62	n1278144	Byzantinize Tamaroa	Moccasin	Daniel LaRusso	Unlikely Story	Dadupanthi Cyclobothra Roccella Enchytraeidae	-0002577388	$213.00 	2021-04-05	
63	n1248314	Insecta	SQL Answers	Jonah J. Jameson	PackHunters	Sphacelariales Mithraist Lymnaea	052708104	$35.00 	2022-02-07	2022-08-01
64	n1235974	Insecta	SQL Answers	Jonah J. Jameson	PharoTek	Desmanthus Sericocarpus & Capricorn	73883187	$0.15 	2022-02-07	2022-07-01
65	n1221972	Insecta	SQL Answers	Jonah J. Jameson	Perfect Square	Israeliteship Vindemiatrix Mizar Labyrinthodonta	6C77500720O	$24.00 	2022-03-07	2022-06-01
66	n1270730	Tarahumar - Siphonariidae & Elephantopus	LaTeX	Michael Scott	Martian Colony	Tagalo Porphyrianist Heliogabalize	22473	$44.50 	2022-01-21	
67	n1279642	Byzantinize Tamaroa	Moccasin	Referral Josh Groban	Scopal Modifier	Loxosoma Negrophilism	38172	$75.00 	2021-04-05	
68	n1248273	Insecta	SQL Answers	Jonah J. Jameson	Airborne Vegetables	Archaeoceti Mazateco Charicleia Lygeum	9460571	$550.00 	2022-10-10	2022-08-03
69	n1244005	Insecta	SQL Answers	Jonah J. Jameson	Rainbow	Lepralia Valerianoides	8630-N1 0T981-01110L7151	$549.00 	2022-02-07	2022-08-01
70	n1250730	Insecta	Bermuda Triangle	Eleanor of Acquitaine	GhostGlass	Chlorion	424337	$28.95 	2022-01-24	2022-08-01
71	n1201811	Insecta	Undertow Tech	Joey Bosa	PharoTek	Nanny Yale Sjouke	19384693	$0.11 	2022-02-06	2022-07-01
72	n1247244	Insecta	SQL Answers	Jonah J. Jameson	Mettle Tester	Baxterian Carapacho	69532-736816	$4.75 	2022-02-07	2022-08-15
73	n1252889	Insecta	Bermuda Triangle	Eleanor of Acquitaine	Stable Eruv	Katharina Russophilism Lucile	278366496	$298.00 	2022-06-09	2022-07-01
74	n1249038	Insecta	Bermuda Triangle	Eleanor of Acquitaine	PharoTek	Chilopoda Fenestellidae Chilean Alvan Laramie	55120319	$167.26 	2022-03-07	2022-07-01
75	n1290156	Xenophonic	SQL Answers	Jonah J. Jameson	Mettle Tester	Mosaical Tang	73986	$58.71 	2022-02-06	
76	n1221340	Insecta	DVD Bounce	Charlemagne	Darwin	Nozi Heterosiphonales Holochoanoida Camelidae	07821701191760-	$0.33 	2022-01-15	2022-07-01
77	n1268683	Insecta	Spaghetti	Colonel Sanders	Garnet	Cocama Heteropidae Ichthyomorpha	197231	$38.06 	2021-07-13	2022-08-01
78	n1230625	Insecta	SQL Answers	Jonah J. Jameson	PharoTek	Crypteroniaceae Cryptocleidus	83014037	$0.15 	2022-02-07	2022-07-01
79	n1217495	Teucrian	Pursuit Partners	Dick Wolff	OrderAxion	Constantinopolitan Ammonitoidea	96213	$220.00 	2022-09-12	Jul
80	n1284910	Bdelloura	U2	K2	Perfect Square	Lamiidae Hymenaic Livistona	40R5W83063	$1.53 	2020-09-24	
81	n1283635	Dianil	DVD Bounce	Charlemagne	Martian Colony	Werner Redemptine Rapaces Edwardeanism	70226	$14.99 	2022-01-18	
82	n1228658	Insecta	SQL Answers	Jonah J. Jameson	PharoTek	Crypteroniaceae Cryptocleidus	83014037	$0.15 	2022-02-07	2022-07-01
83	n1252456	Insecta	Bermuda Triangle	Eleanor of Acquitaine	Fluss	Ulophocinae Lutayo Inigo	0011696RP02	$1,990.00 	2022-01-24	2022-07-09
84	n1258282	Insecta	Terrier Networks	Elastigirl	PharoTek	Amidism Paduanism Sammy Caretta	87894566	$0.26 	2021-07-13	2022-07-01
85	n1192905	Aglaos	General Coelecanth Nativity	San Pelegrino	PharoTek	Scleroparei Beryx Cephalodiscida Olynthus Flagellariaceae	7B5AH-PHH-W9	$447.20 	2022-06-09	
86	n1258601	Insecta	Terrier Networks	Elastigirl	Genomicon	Apache Crenothrix Isomyaria (Ap)	5781124	$18.95 	2021-07-13	2022-07-01
87	n1243309	Insecta	SQL Answers	Jonah J. Jameson	Ear Throw	Swinburnian Israelitic Limulus	02-5998O16	$950.10 	2022-02-07	2022-07-21
88	n1250286	Insecta	Bermuda Triangle	Eleanor of Acquitaine	Prescription Tees	Charles Ephemeroptera Caprimulgiformes	8361106305	$0.00 	2022-01-24	2022-08-27
89	n1201212	Insecta	Undertow Tech	Joey Bosa	Perfect Square	Quakerishly Harvardian	0070-513403C53O1	$18.25 	2022-02-06	2022-07-01
90	n1277002	Byzantinize Tamaroa	Moccasin	Daniel LaRusso	Perfect Square	Annulata Ribhus Cordaitales & Raphidodea	07060R132W	$13.39 	2021-04-05	
91	n1274969	Dianil	Pursuit Partners	Dick Wolff	Bloodmor	Lepismidae Montmorency Coprinae	591635	$0.70 	2022-09-12	7/16/2022 12:00:00 AM
92	n1284516	Insecta	Cloud Atlas	Steve Rogers	PharoTek	Oliver Icacinaceae	88334919	$756.00 	2020-10-05	2022-07-01
93	n1213211	Teucrian	Pursuit Partners	Dick Wolff	SW Walker	Wezen Wessexman	8037153001	$478.37 	2022-09-12	Aug
94	n1211871	Insecta	Undertow Tech	Joey Bosa	Fluss	Graptolithina	223557PR4	$0.00 	2022-02-06	2022-07-26
95	n1216207	Teucrian	Pursuit Partners	Dick Wolff	Mettle Tester	Barbarea Williamsonia	913978	$33.51 	2022-09-12	Aug
96	n1216921	Teucrian	Pursuit Partners	Dick Wolff	Mettle Tester	Wernerian Olax Broussonetia Galenical	118814	$0.14 	2022-09-12	Aug
97	n1279145	Byzantinize Tamaroa	Moccasin	Daniel LaRusso	Prescription Tees	Carborundum Acmaea Torgot	70624	$25.00 	2021-04-05	
98	n1265462	Antiochian Cocle	Undertow Tech	Joey Bosa	GhostGlass	Vespidae Ottomanize Apotactic Incan	441943	$18.00 	2022-02-06	
99	n1199890	Insecta	Undertow Tech	Joey Bosa	Perfect Square	Rhinopteridae Sodomite Baloskion	00100424O3C7	$79.00 	2022-02-06	2022-07-01
100	n1271522	Tarahumar - Siphonariidae & Elephantopus	LaTeX	Michael Scott	Martian Colony	Xenophora Pincian Leonora	47124	$148.00 	2022-10-05	
101	n1215185	Teucrian	Pursuit Partners	Dick Wolff	The Undead	Aetian	-20O40DR0550	$1,999.00 	2022-09-12	Aug
102	n1271841	Antiochian Cocle	Bermuda Triangle	Eleanor of Acquitaine	GhostGlass	Anabaptistically	743841	$73.82 	2022-03-04	
103	n1202473	Insecta	Undertow Tech	Joey Bosa	PharoTek	Nanny Yale Sjouke	19384693	$0.11 	2022-02-06	2022-07-01
104	n1234558	Insecta	SQL Answers	Jonah J. Jameson	PharoTek	Desmanthus Sericocarpus & Capricorn	73883187	$0.15 	2022-02-07	2022-07-01
105	n1260818	Antiochian Cocle	General Coelecanth Nativity	San Pelegrino	Redundant Accessories	Banda	792540S	$850.00 	2021-11-05	
106	n1280338	Thesmophoric Samnani	LaTeX	Michael Scott	PharoTek	Singspiel Cajun Anneslia	8823-G00252C5	$1,102.40 	2022-01-21	
107	n1288694	Insecta	Galaxy	Nanny Ogden	PharoTek	Cocos Fathometer & Forsythia Caledonia Islamization	60788426	$15.95 	2022-10-12	2022-07-01
108	n1240792	Insecta	SQL Answers	Jonah J. Jameson	PharoTek	Julianto Kyrie Alaster Carniolan Iglulirmiut	21847304	$0.25 	2022-02-07	2022-07-01
109	n1284464	Insecta	Cloud Atlas	Steve Rogers	PharoTek	Integropalliata Petalostemon Iriartea	MKF-QG-NLRA5	$155.20 	2020-10-05	2022-07-01
110	n1241256	Insecta	SQL Answers	Jonah J. Jameson	PharoTek	Julianto Kyrie Alaster Carniolan Iglulirmiut	21847304	$0.15 	2022-02-07	2022-07-01
111	n1269187	Antiochian Cocle	Paperclip Maximizer	Peppermint Patty	2D Limit	Abdiel Uaupe Lorrainer	7643120182	$28.00 	2022-02-14	
112	n1290414	Xenophonic	SQL Answers	Jonah J. Jameson	Mettle Tester	Mosaical Tang	73986	$38.74 	2022-02-06	
113	n1198471	Tappertitian	LaTeX	Michael Scott	Fluss	Pseudococcus Tingitidae Wagweno	0R235P720	$25.03 	2022-01-24	
114	n1250941	Insecta	Bermuda Triangle	Eleanor of Acquitaine	GhostGlass	Hamidian	374381	$28.95 	2022-01-24	2022-08-01
115	n1279409	Byzantinize Tamaroa	Moccasin	Daniel LaRusso	2D Limit	Campanulariae Bobadilian Bankalachi	2035956221	$190.31 	2021-06-10	
116	n1269870	Tarahumar - Siphonariidae & Elephantopus	LaTeX	Michael Scott	Ear Throw	Schopenhauerian Cidaroida Oniscoidea Spirosoma	90181675	$177.90 	2022-01-21	
117	n1232158	Insecta	SQL Answers	Jonah J. Jameson	PharoTek	Crypteroniaceae Cryptocleidus	83014037	$0.15 	2022-02-07	2022-07-01
118	n1248236	Insecta	SQL Answers	Jonah J. Jameson	Just	Baxterian Carapacho	20333910	$125.98 	2022-06-09	2022-07-01
119	n1273256	Antiochian Cocle	Pursuit Partners	Dick Wolff	A Stationary	Maenidae Israel Skittagetan Iowan	117333079	$25.00 	2022-09-12	
120	n1271726	Antiochian Cocle	Bermuda Triangle	Eleanor of Acquitaine	Infrastructural Necessity	Elohistic Niobean Bardulph	35904	$122.50 	2022-01-24	
121	n1249042	Insecta	Bermuda Triangle	Eleanor of Acquitaine	PharoTek	174 Plesianthropus Grundified Chaucerian	-A3-HJXD35PG	$869.08 	2022-05-09	2022-07-01
122	n1281851	Dianil	PanGalactic GargleBlasters	Ricky Gervaise	JPG	Narciss Redunca Sapotaceae Idaic	27708162	$1.79 	2022-05-13	
123	n1212532	Insecta	Undertow Tech	Joey Bosa	Fluss	Graptolithina	9P2603R39	$0.00 	2022-02-06	2022-07-26
124	n1274187	Aglaos	Pursuit Partners	Dick Wolff	Bloodmor	Root -- Hutchinsonian Ubiquitism Chorioptes	724976	$0.35 	2022-09-12	
125	n1253228	Antiochian Cocle	The Weather Channel	Gary Fern	Perfect Square	Lucinacea Chiococca	304AO6033003	$15.45 	2021-06-01	
126	n1280485	Thesmophoric Samnani	LaTeX	Michael Scott	Physics Portmanteau	Roderic Carlylian Crocodylidae	M028C301	$86.87 	2022-01-21	7/31/2022 12:00:00 AM
127	n1254449	Insecta	Terrier Networks	Elastigirl	Archery	Sirione Scolopendridae Cordia Levana	560C40B	$55.40 	2021-07-13	2022-07-15
128	n1293726	Insecta	Treasure Planet	Sean Bean	Allefluss	Syngnathus Capernaitic	612076	$60.45 	2022-10-13	2022-08-14
129	n1230310	Insecta	SQL Answers	Jonah J. Jameson	PharoTek	Crypteroniaceae Cryptocleidus	83014037	$0.15 	2022-02-07	2022-07-01
130	n1224540	Insecta	SQL Answers	Jonah J. Jameson	PharoTek	Crypteroniaceae Cryptocleidus	83014037	$0.15 	2022-02-07	2022-07-01
131	n1226978	Insecta	SQL Answers	Jonah J. Jameson	PharoTek	Crypteroniaceae Cryptocleidus	83014037	$0.15 	2022-02-07	2022-07-01
132	n1255471	Insecta	Terrier Networks	Elastigirl	PharoTek	Algores Frenchman Coprosma Uropsilus	47833927	$0.14 	2021-07-13	2022-07-01
133	n1200964	Insecta	Undertow Tech	Joey Bosa	Perfect Square	Quakerishly Harvardian	00007070O44C173-	$18.25 	2022-02-06	2022-07-01
134	n1244135	Insecta	SQL Answers	Jonah J. Jameson	Rainbow	Ossianesque Izchak Tyrolean	2-L82001 435003087-131T51N98082	$71.95 	2022-02-07	2022-08-01
135	n1193545	Tarahumar - Siphonariidae & Elephantopus	LaTeX	Michael Scott	Archery	Baianism Leisten	0A8B025	$41.00 	2022-01-21	
136	n1287368	Beni Osirify	Paperclip Maximizer	Peppermint Patty	2D Limit	Heterodonta Icosteus	728262166	$2,711.97 	2022-01-21	
137	n1190859	Aglaos	Emphatic Comms	David Guerra	PharoTek	Alectoris Litorina Sadie	S000T9614IA-4L	$0.57 	2021-04-12	
138	n1246214	Insecta	SQL Answers	Jonah J. Jameson	Countertop Comms	Stratiotes Urginea Irvingite	6544649	$2,359.45 	2022-06-09	2022-07-31
139	n1201543	Insecta	Undertow Tech	Joey Bosa	PharoTek	Nanny Yale Sjouke	19384693	$0.11 	2022-02-06	2022-07-01
140	n1252794	Insecta	Bermuda Triangle	Eleanor of Acquitaine	Darwin	Rupert Osnaburg Felis	-11146100005162	$109.78 	2022-01-24	2022-07-01
141	n1246157	Insecta	SQL Answers	Jonah J. Jameson	Latinate Cyrillica	Axonopus Utopian Pleurobrachia	8105116	$2,064.20 	2022-02-07	2022-07-01
142	n1267507	Insecta	Spaghetti	Colonel Sanders	Garnet	Cocama Heteropidae Ichthyomorpha	197231	$40.06 	2021-07-13	2022-08-01
143	n1240187	Insecta	SQL Answers	Jonah J. Jameson	PharoTek	Julianto Kyrie Alaster Carniolan Iglulirmiut	21847304	$0.15 	2022-02-07	2022-07-01
144	n1190981	Aglaos	Emphatic Comms	David Guerra	PharoTek	Wernerian Enajim	4LS08T75A64I3-	$0.15 	2021-04-12	
145	n1236198	Insecta	SQL Answers	Jonah J. Jameson	PharoTek	Desmanthus Sericocarpus & Capricorn	73883187	$0.15 	2022-02-07	2022-07-01
146	n1197320	Teucrian	Cloud Atlas	Steve Rogers	Countertop Comms	Whilkut Suecism Chamaedaphne	3883179	$446.32 	2020-12-06	Aug
147	n1290092	Xenophonic	SQL Answers	Jonah J. Jameson	Mettle Tester	Mosaical Tang	73986	$37.50 	2022-02-06	
148	n1282045	Dianil	PanGalactic GargleBlasters	Ricky Gervaise	JPG	Narciss Redunca Sapotaceae Idaic	27708162	$1.79 	2022-05-13	
149	n1289138	Xenophonic	SQL Answers	Jonah J. Jameson	Mettle Tester	Crypteroniaceae Cryptocleidus	84042	$30.41 	2022-02-06	
150	n1203199	Insecta	Undertow Tech	Joey Bosa	PharoTek	Nanny Yale Sjouke	19384693	$0.11 	2022-02-06	2022-07-01
151	n1195902	Dianil	Water Cycle	J.D. Salinger	Meditative Horse	Fulica Lutheranize	72L3706781561-17324--1A17	$11,430.86 	2020-10-07	Aug-22AUG-2022
152	n1212653	Insecta	Undertow Tech	Joey Bosa	Fluss	Randallite Caph	67P0R4100	$443.33 	2022-02-06	2022-07-09
153	n1209984	Insecta	Undertow Tech	Joey Bosa	GhostGlass	Vespidae Ottomanize Apotactic Incan	214037	$25.00 	2022-02-06	2022-08-01
154	n1226183	Insecta	SQL Answers	Jonah J. Jameson	PharoTek	Crypteroniaceae Cryptocleidus	83014037	$0.15 	2022-02-07	2022-07-01
155	n1237399	Insecta	SQL Answers	Jonah J. Jameson	PharoTek	Desmanthus Sericocarpus & Capricorn	73883187	$0.15 	2022-02-07	2022-07-01
156	n1226555	Insecta	SQL Answers	Jonah J. Jameson	PharoTek	Crypteroniaceae Cryptocleidus	83014037	$0.15 	2022-02-07	2022-07-01
157	n1237658	Insecta	SQL Answers	Jonah J. Jameson	PharoTek	Desmanthus Sericocarpus & Capricorn	73883187	$0.15 	2022-02-07	2022-07-01
158	n1268932	Antiochian Cocle	Paperclip Maximizer	Peppermint Patty	Rainbow	Himyaritic Wesleyism Iphis	2749183949206328	$119.98 	2022-02-14	
159	n1281366	Dianil	PanGalactic GargleBlasters	Ricky Gervaise	JPG	Narciss Redunca Sapotaceae Idaic	27708162	$1.79 	2022-05-13	
160	n1258632	Insecta	Terrier Networks	Elastigirl	Genomicon	Apache Crenothrix Isomyaria (Ap)	2945231	$27.55 	2021-07-13	2022-07-01
161	n1291679	Xenophonic	SQL Answers	Jonah J. Jameson	Mettle Tester	Tapachula Ibidinae	56197	$4.75 	2022-02-06	
162	n1270182	Tarahumar - Siphonariidae & Elephantopus	LaTeX	Michael Scott	StickOut	Timalia Coleoptera & Ritchey Liguliflorae	u2Ia004jP00I0n2	$10.94 	2022-01-21	
163	n1217879	Teucrian	Pursuit Partners	Dick Wolff	Martian Colony	Masarididae	48198	$3.99 	2022-09-12	Aug
164	n1259023	Insecta	Terrier Networks	Elastigirl	Wood Join	Sirione Scolopendridae Cordia Levana	290450063	$10.27 	2021-07-13	2022-08-01
165	n1239575	Insecta	SQL Answers	Jonah J. Jameson	PharoTek	Hispanize Irelander	18589052	$380.70 	2022-02-07	2022-07-01
166	n1284746	Insecta	Cloud Atlas	Steve Rogers	Impetus	Izzy Cycadofilices	09182304-9000	$2,500.00 	2021-01-04	2022-07-01
167	n1233414	Insecta	SQL Answers	Jonah J. Jameson	PharoTek	Desmanthus Sericocarpus & Capricorn	73883187	$822.00 	2022-02-07	2022-07-01
168	n1276584	Byzantinize Tamaroa	DotEaters	The Wright Brothers	Physics Portmanteau	Platanaceae Orleanist Lezghian	2CM02808	$316.24 	2020-09-29	
169	n1288984	Xenophonic	SQL Answers	Jonah J. Jameson	Mettle Tester	Tapachula Ibidinae	56197	$0.00 	2022-02-06	
170	n1271196	Tarahumar - Siphonariidae & Elephantopus	LaTeX	Michael Scott	Martian Colony	Tartarology	11401	$14.99 	2022-01-21	
171	n1199100	Dianil	Undertow Tech	Joey Bosa	Mettle Tester	Zealander Slavism Laplacian Indicatorinae	985572	$30.53 	2022-03-10	09-08-22
172	n1255962	Insecta	Terrier Networks	Elastigirl	PharoTek	Algores Frenchman Coprosma Uropsilus	47833927	$0.14 	2021-07-13	2022-07-01
173	n1258850	Insecta	Terrier Networks	Elastigirl	Wood Join	Sirione Scolopendridae Cordia Levana	301067002	$25.00 	2021-07-13	2022-08-01
174	n1239261	Insecta	SQL Answers	Jonah J. Jameson	PharoTek	Desmanthus Sericocarpus & Capricorn	73883187	$0.15 	2022-02-07	2022-07-01
175	n1256973	Insecta	Terrier Networks	Elastigirl	PharoTek	Amidism Paduanism Sammy Caretta	C90005148	$474.61 	2021-07-13	2022-07-01
176	n1277644	Byzantinize Tamaroa	Moccasin	Daniel LaRusso	Perfect Square	Warri Forcipulata	R7403W8500	$3.02 	2021-04-05	
177	n1237358	Insecta	SQL Answers	Jonah J. Jameson	PharoTek	Desmanthus Sericocarpus & Capricorn	73883187	$0.15 	2022-02-07	2022-07-01
178	n1215096	Teucrian	Pursuit Partners	Dick Wolff	AusYouth	Franklinization Leitneriales	118039	$2,226.58 	2022-09-12	Aug
179	n1261686	Insecta	PanGalactic GargleBlasters	Ricky Gervaise	FaceSpace	Wangoni	60uA43U00010n2AAJ0	$23.08 	2022-10-10	2022-09-15
180	n1209869	Insecta	Undertow Tech	Joey Bosa	GhostGlass	Vespidae Ottomanize Apotactic Incan	242401	$20.00 	2022-02-06	2022-08-01
181	n1214939	Teucrian	Pursuit Partners	Dick Wolff	Rainbow	Tocharic & Warren Maja Icaria	1931661621158709	$189.97 	2022-09-12	Jul
182	n1281215	Dianil	PanGalactic GargleBlasters	Ricky Gervaise	Fluss	Lezghian Megalania Sinic	271030190	$4,241.65 	2022-04-15	
183	n1253750	Antiochian Cocle	The Weather Channel	Gary Fern	Perfect Square	360Insights	03O30201887A	$0.00 	2021-06-01	
184	n1236935	Insecta	SQL Answers	Jonah J. Jameson	PharoTek	Desmanthus Sericocarpus & Capricorn	73883187	$0.15 	2022-02-07	2022-07-01
185	n1287715	Dianil	The Weather Channel	Gary Fern	Zendaya	Calas Nemertina Idiosepiidae	1933938	$3,550.00 	2022-04-27	6/1/2022 12:00:00 AM
186	n1190566	Aglaos	Cloud Atlas	Steve Rogers	Genomicon	Iphis	7081134	$834.10 	2020-10-05	
187	n1283815	Dianil	DVD Bounce	Charlemagne	Martian Colony	Werner Redemptine Rapaces Edwardeanism	32012	$24.00 	2022-01-18	
188	n1209158	Insecta	Undertow Tech	Joey Bosa	GhostGlass	Vespidae Ottomanize Apotactic Incan	212405	$200.00 	2022-02-06	2022-08-01
189	n1223536	Insecta	SQL Answers	Jonah J. Jameson	PharoTek	Misniac Mincopi Nordicity	05-22C9004G82	$1,842.75 	2022-02-07	2022-07-01
190	n1273721	Antiochian Cocle	Pursuit Partners	Dick Wolff	A Stationary	Maenidae Israel Skittagetan Iowan	117333079	$30.00 	2022-09-12	
191	n1253238	Antiochian Cocle	The Weather Channel	Gary Fern	Perfect Square	Lucinacea Chiococca	309O2709A340	$15.45 	2021-06-01	
192	n1229324	Insecta	SQL Answers	Jonah J. Jameson	PharoTek	Crypteroniaceae Cryptocleidus	83014037	$0.15 	2022-02-07	2022-07-01
193	n1293504	Insecta	Treasure Planet	Sean Bean	Physics Portmanteau	Onagra Islamistic Itylus	3593M8B0	$6,890.00 	2022-10-13	2022-07-31
194	n1266732	Antiochian Cocle	Undertow Tech	Joey Bosa	Country Music Channel	William	5335347	$20.00 	2022-02-06	
195	n1278064	Byzantinize Tamaroa	Moccasin	Daniel LaRusso	PharoTek	Jicaque & Anastatica	CAH52R--9CY5	$136.58 	2021-04-05	
196	n1240997	Insecta	SQL Answers	Jonah J. Jameson	PharoTek	Julianto Kyrie Alaster Carniolan Iglulirmiut	21847304	$0.25 	2022-02-07	2022-07-01
197	n1204499	Insecta	Undertow Tech	Joey Bosa	PharoTek	Simosaurus Cryptomonadales Siluridae	06958082	$1.78 	2022-02-06	2022-07-01
198	n1215025	Teucrian	Pursuit Partners	Dick Wolff	Rainbow	Wernerian Olax Broussonetia Galenical	0600320183718455	$149.97 	2022-09-12	Jul
199	n1201703	Insecta	Undertow Tech	Joey Bosa	PharoTek	Nanny Yale Sjouke	19384693	$0.11 	2022-02-06	2022-07-01
200	n1223336	Insecta	SQL Answers	Jonah J. Jameson	PharoTek	Mosaical Tang	22C505505G26-	$454.60 	2022-02-07	2022-07-01
201	n1238391	Insecta	SQL Answers	Jonah J. Jameson	PharoTek	Desmanthus Sericocarpus & Capricorn	73883187	$0.15 	2022-02-07	2022-07-01
202	n1209311	Insecta	Undertow Tech	Joey Bosa	GhostGlass	Vespidae Ottomanize Apotactic Incan	343603	$200.00 	2022-02-06	2022-08-01
203	n1216405	Teucrian	Pursuit Partners	Dick Wolff	Mettle Tester	Girgasite Pontocaspian	971444	$40.00 	2022-09-12	Aug
204	n1216159	Teucrian	Pursuit Partners	Dick Wolff	Mettle Tester	Acadie Dorine Sassenach	648830	$144.99 	2022-09-12	Aug
205	n1212468	Insecta	Undertow Tech	Joey Bosa	Fluss	Graptolithina	4RP524011	$1.50 	2022-02-06	2022-07-26
206	n1272632	Antiochian Cocle	Pursuit Partners	Dick Wolff	AusYouth	Clerodendron	861-918661235	$5.10 	2022-10-11	7/22/2022 12:00:00 AM
207	n1247440	Insecta	SQL Answers	Jonah J. Jameson	Mettle Tester	Baxterian Carapacho	922777-8643	$9.45 	2022-02-07	2022-08-15
208	n1243907	Insecta	SQL Answers	Jonah J. Jameson	Wood Join	Occidentalization Olaf Cratinean Marshall	12247	$143.00 	2022-02-07	2022-08-01
209	n1222253	Insecta	SQL Answers	Jonah J. Jameson	Perfect Square	Israeliteship Vindemiatrix Mizar Labyrinthodonta	6C77500720O	$1.20 	2022-03-07	2022-06-01
210	n1279581	Byzantinize Tamaroa	Moccasin	Referral TMZ	Yearwood Talk	Hexanchus Scotchiness	41I4TN-55	$21.38 	2022-05-04	
211	n1239092	Insecta	SQL Answers	Jonah J. Jameson	PharoTek	Desmanthus Sericocarpus & Capricorn	73883187	$0.15 	2022-02-07	2022-07-01
212	n1244862	Insecta	SQL Answers	Jonah J. Jameson	2D Limit	Juncaceae Landsturm Physalis	324079746	$393.00 	2022-02-07	2022-07-01
213	n1262084	Antiochian Cocle	Undertow Tech	Joey Bosa	Archery	Wochua Mayo Ineri	3605402	$21.10 	2022-02-06	
214	n1289569	Xenophonic	SQL Answers	Jonah J. Jameson	Mettle Tester	Kalmarian Rhinanthus Catharist	66382	$37.99 	2022-02-06	
215	n1269342	Antiochian Cocle	Paperclip Maximizer	Peppermint Patty	The Undead	Abdiel Uaupe Lorrainer	50-8799O8RD6	$686.14 	2022-02-14	
216	n1197346	Teucrian	Cloud Atlas	Steve Rogers	Dumb Head	Filices Dipala	2531407	$140.00 	2020-10-05	Jul
217	n1270062	Tarahumar - Siphonariidae & Elephantopus	LaTeX	Michael Scott	Genomicon	Singspiel Cajun Anneslia	1991255	$1,600.00 	2022-01-21	
218	n1220234	Insecta	DVD Bounce	Charlemagne	Darwin	Nozi Heterosiphonales Holochoanoida Camelidae	870-12071701161	$11.64 	2022-01-15	2022-07-01
219	n1194231	Tarahumar - Siphonariidae & Elephantopus	LaTeX	Michael Scott	Glycerine	Melianthus Istiophoridae Ijore	506029	$459.17 	2022-01-21	
220	n1212668	Insecta	Undertow Tech	Joey Bosa	Fluss	Randallite Caph	0R4P89000	$4.25 	2022-02-06	2022-07-09
221	n1202116	Insecta	Undertow Tech	Joey Bosa	PharoTek	Nanny Yale Sjouke	19384693	$0.11 	2022-02-06	2022-07-01
222	n1234964	Insecta	SQL Answers	Jonah J. Jameson	PharoTek	Desmanthus Sericocarpus & Capricorn	73883187	$0.15 	2022-02-07	2022-07-01
223	n1209550	Insecta	Undertow Tech	Joey Bosa	GhostGlass	Vespidae Ottomanize Apotactic Incan	373340	$75.00 	2022-02-06	2022-08-01
224	n1236185	Insecta	SQL Answers	Jonah J. Jameson	PharoTek	Desmanthus Sericocarpus & Capricorn	73883187	$0.15 	2022-02-07	2022-07-01
225	n1256809	Insecta	Terrier Networks	Elastigirl	PharoTek	Amidism Paduanism Sammy Caretta	62C248406	($0.10)	2021-07-13	2022-02-01
226	n1249263	Insecta	Bermuda Triangle	Eleanor of Acquitaine	Wood Join	Hamidian	05330	$90.00 	2022-01-24	2022-08-01
227	n1249474	Insecta	Bermuda Triangle	Eleanor of Acquitaine	Rainbow	Galidia	408 8884862-2484T9004C1W1	$169.98 	2022-01-24	2022-08-01
228	n1201575	Insecta	Undertow Tech	Joey Bosa	PharoTek	Nanny Yale Sjouke	19384693	$0.11 	2022-02-06	2022-07-01
229	n1284512	Insecta	Cloud Atlas	Steve Rogers	PharoTek	Fissurella Igorot	CFPVB5RG-AM-	$3,654.40 	2020-10-05	2022-07-01
230	n1232780	Insecta	SQL Answers	Jonah J. Jameson	PharoTek	Sphacelariales Mithraist Lymnaea	CK-BAPKFDY5-	$374.16 	2022-02-07	2022-07-01
231	n1224864	Insecta	SQL Answers	Jonah J. Jameson	PharoTek	Crypteroniaceae Cryptocleidus	83014037	$0.15 	2022-02-07	2022-07-01
232	n1214176	Teucrian	Pursuit Partners	Dick Wolff	Rainbow	Orphical Ludwig	6838271941001326	$409.00 	2022-09-12	Jul
233	n1253814	Antiochian Cocle	The Weather Channel	Gary Fern	Perfect Square	360Insights	353954005AO	$0.00 	2022-01-06	
234	n1194347	Tarahumar - Siphonariidae & Elephantopus	LaTeX	Michael Scott	GhostGlass	Timonist Irvingesque Indies	132071	$37.70 	2022-10-05	
235	n1242022	Insecta	SQL Answers	Jonah J. Jameson	PharoTek	Microsporon Gordon Ikhwan	98685990	$296.80 	2022-02-07	2022-07-01
236	n1275811	Newari	Bermuda Triangle	Eleanor of Acquitaine	SW Walker	Novatianism Thylacoleo Ikhwan	861464026	$135.00 	2022-03-11	
237	n1210620	Insecta	Undertow Tech	Joey Bosa	Fluss	Graptolithina	0P3960R24	$30.00 	2022-02-06	2022-07-26
238	n1280732	Thesmophoric Samnani	LaTeX	Michael Scott	Fluss	Methodistic Cardanic Isidae Iguanodontidae	7670082	$27.56 	2022-01-21	
239	n1284008	Dianil	DVD Bounce	Charlemagne	Martian Colony	Werner Redemptine Rapaces Edwardeanism	32151	$9.99 	2022-01-18	
240	n1217472	Teucrian	Pursuit Partners	Dick Wolff	Jargon	Feste Volans Orias Cercocebus Ohioan Imantophyllum	229144463	($5.00)	2022-09-12	Jul
241	n1277386	Byzantinize Tamaroa	Moccasin	Daniel LaRusso	Perfect Square	Mongol Mesoenatides Chimalapa & Newari	6R404W3009	$0.50 	2021-04-05	
242	n1229483	Insecta	SQL Answers	Jonah J. Jameson	PharoTek	Crypteroniaceae Cryptocleidus	83014037	$0.15 	2022-02-07	2022-07-01
243	n1208912	Insecta	Undertow Tech	Joey Bosa	GhostGlass	Vespidae Ottomanize Apotactic Incan	462407	$20.00 	2022-02-06	2022-08-01
244	n1196208	Teucrian	Healthy Relationships	Amadeus Ketchup	PharoTek	Ptolemaism William	89111842	$9.58 	2021-05-07	Jul
245	n1268150	Insecta	Spaghetti	Colonel Sanders	Garnet	Cocama Heteropidae Ichthyomorpha	197231	$40.06 	2021-07-13	2022-08-01
246	n1230720	Insecta	SQL Answers	Jonah J. Jameson	PharoTek	Crypteroniaceae Cryptocleidus	83014037	$0.15 	2022-02-07	2022-07-01
247	n1283625	Dianil	DVD Bounce	Charlemagne	Martian Colony	Werner Redemptine Rapaces Edwardeanism	19344	$16.00 	2022-02-08	
248	n1199469	Insecta	Undertow Tech	Joey Bosa	Perfect Square	Hyla Hephaestian	2060040AO930	$1.00 	2022-02-06	2022-07-01
249	n1275269	Dianil	PanGalactic GargleBlasters	Ricky Gervaise	SW Walker	Drosophila Culicidae & Welshy	304066860	$120.00 	2022-06-13	
250	n1239892	Insecta	SQL Answers	Jonah J. Jameson	PharoTek	Julianto Kyrie Alaster Carniolan Iglulirmiut	21847304	$0.15 	2022-02-07	2022-07-01
251	n1221400	Insecta	DVD Bounce	Charlemagne	Darwin	Nozi Heterosiphonales Holochoanoida Camelidae	-16101927018871	$23.28 	2022-01-15	2022-07-01
252	n1290707	Xenophonic	SQL Answers	Jonah J. Jameson	Mettle Tester	Mosaical Tang	73986	$40.02 	2022-02-06	
253	n1287484	Dianil	General Coelecanth Nativity	San Pelegrino	NASA	Oresteia Quaker	H0695O3CMC1I0 -OXK L	$42.86 	2022-10-12	
254	n1238983	Insecta	SQL Answers	Jonah J. Jameson	PharoTek	Desmanthus Sericocarpus & Capricorn	73883187	$0.15 	2022-02-07	2022-07-01
255	n1237777	Insecta	SQL Answers	Jonah J. Jameson	PharoTek	Desmanthus Sericocarpus & Capricorn	73883187	$0.15 	2022-02-07	2022-07-01
256	n1208762	Insecta	Undertow Tech	Joey Bosa	GhostGlass	Vespidae Ottomanize Apotactic Incan	370487	$71.00 	2022-02-06	2022-08-01
257	n1246995	Insecta	SQL Answers	Jonah J. Jameson	Mettle Tester	Baxterian Carapacho	18015295267-1	$60.78 	2022-02-07	2022-08-15
258	n1254623	Insecta	Terrier Networks	Elastigirl	PharoTek	Robinia Ucal	91918514C	$74.48 	2021-07-13	2022-07-01
259	n1266835	Antiochian Cocle	Undertow Tech	Joey Bosa	Country Music Channel	William	9275843	$20.00 	2022-08-06	
260	n1233118	Insecta	SQL Answers	Jonah J. Jameson	PharoTek	Gadaria Italianization	062336	$5,985.28 	2022-02-07	2022-07-01
261	n1203280	Insecta	Undertow Tech	Joey Bosa	PharoTek	Nanny Yale Sjouke	19384693	$0.11 	2022-02-06	2022-07-01
262	n1289039	Xenophonic	SQL Answers	Jonah J. Jameson	Mettle Tester	Binitarianism (Kool Stagger	35642	$29.66 	2022-02-06	
263	n1241291	Insecta	SQL Answers	Jonah J. Jameson	PharoTek	Julianto Kyrie Alaster Carniolan Iglulirmiut	21847304	$0.15 	2022-02-07	2022-07-01
264	n1215216	Teucrian	Pursuit Partners	Dick Wolff	Physics Portmanteau	Phocoena Curiatii	673344	$2,724.75 	2022-09-12	
265	n1260137	Insecta	General Coelecanth Nativity	San Pelegrino	SW Walker	Banda	5901659715	$770.00 	2021-11-05	2022-07-11
266	n1292549	Dianil	General Coelecanth Nativity	San Pelegrino	Impetus	Paradiseinae & Gregorianize	030490306000-	$1,610.00 	2022-01-10	
267	n1220801	Insecta	DVD Bounce	Charlemagne	Darwin	Nozi Heterosiphonales Holochoanoida Camelidae	870127-16171304	$11.64 	2022-01-15	2022-07-01
268	n1203960	Insecta	Undertow Tech	Joey Bosa	PharoTek	Nanny Yale Sjouke	19384693	$0.11 	2022-02-06	2022-07-01
269	n1225469	Insecta	SQL Answers	Jonah J. Jameson	PharoTek	Crypteroniaceae Cryptocleidus	83014037	$0.15 	2022-02-07	2022-07-01
270	n1230684	Insecta	SQL Answers	Jonah J. Jameson	PharoTek	Crypteroniaceae Cryptocleidus	83014037	$0.15 	2022-02-07	2022-07-01
271	n1236066	Insecta	SQL Answers	Jonah J. Jameson	PharoTek	Desmanthus Sericocarpus & Capricorn	73883187	$0.15 	2022-02-07	2022-07-01
272	n1259221	Insecta	Terrier Networks	Elastigirl	Countertop Comms	Caesar Pleuroceridae	2793470	$177.26 	2021-07-13	2022-07-31
273	n1226327	Insecta	SQL Answers	Jonah J. Jameson	PharoTek	Crypteroniaceae Cryptocleidus	83014037	$0.15 	2022-02-07	2022-07-01
274	n1293073	Insecta	Treasure Planet	Sean Bean	Ear Throw	Malayoid Chalina	27-5O62441	$72.21 	2022-10-13	2022-07-21
275	n1273591	Antiochian Cocle	Pursuit Partners	Dick Wolff	A Stationary	Maenidae Israel Skittagetan Iowan	117333079	$25.00 	2022-09-12	
276	n1289582	Xenophonic	SQL Answers	Jonah J. Jameson	Mettle Tester	Kalmarian Rhinanthus Catharist	66382	$25.99 	2022-02-06	
277	n1224599	Insecta	SQL Answers	Jonah J. Jameson	PharoTek	Crypteroniaceae Cryptocleidus	83014037	$0.15 	2022-02-07	2022-07-01
278	n1281358	Dianil	PanGalactic GargleBlasters	Ricky Gervaise	JPG	Narciss Redunca Sapotaceae Idaic	27708162	$1.79 	2022-05-13	
279	n1277699	Byzantinize Tamaroa	Moccasin	Daniel LaRusso	Perfect Square	Warri Forcipulata	R7403W8500	$21.61 	2021-04-05	
280	n1265327	Antiochian Cocle	Undertow Tech	Joey Bosa	GhostGlass	Vespidae Ottomanize Apotactic Incan	441943	$18.00 	2022-02-06	
281	n1280910	Thesmophoric Samnani	LaTeX	Michael Scott	Fluss	Streptococcus Ilya Choco Locustidae	8731607	$191.03 	2022-01-21	
282	n1242805	Insecta	SQL Answers	Jonah J. Jameson	Unlikely Story	Forestiera Charadrius Idaic	3-100219327	$75.00 	2022-02-07	2022-07-31
283	n1227018	Insecta	SQL Answers	Jonah J. Jameson	PharoTek	Crypteroniaceae Cryptocleidus	83014037	$0.15 	2022-02-07	2022-07-01
284	n1195069	Tarahumar - Siphonariidae & Elephantopus	LaTeX	Michael Scott	Martian Colony	Tagalo Porphyrianist Heliogabalize	14776	$108.00 	2022-01-21	
285	n1229589	Insecta	SQL Answers	Jonah J. Jameson	PharoTek	Crypteroniaceae Cryptocleidus	83014037	$0.15 	2022-02-07	2022-07-01
286	n1231274	Insecta	SQL Answers	Jonah J. Jameson	PharoTek	Crypteroniaceae Cryptocleidus	83014037	$0.15 	2022-02-07	2022-07-01
287	n1281534	Dianil	PanGalactic GargleBlasters	Ricky Gervaise	JPG	Narciss Redunca Sapotaceae Idaic	27708162	$1.79 	2022-05-13	
288	n1224794	Insecta	SQL Answers	Jonah J. Jameson	PharoTek	Crypteroniaceae Cryptocleidus	83014037	$0.15 	2022-02-07	2022-07-01
289	n1287218	Beni Osirify	SQL Answers	Jonah J. Jameson	KPop	Habenaria Hunnic	22239	$0.75 	2022-02-08	
290	n1238235	Insecta	SQL Answers	Jonah J. Jameson	PharoTek	Desmanthus Sericocarpus & Capricorn	73883187	$0.15 	2022-02-07	2022-07-01
291	n1291527	Xenophonic	SQL Answers	Jonah J. Jameson	Mettle Tester	Tapachula Ibidinae	56197	$36.50 	2022-02-06	
292	n1238126	Insecta	SQL Answers	Jonah J. Jameson	PharoTek	Desmanthus Sericocarpus & Capricorn	73883187	$0.15 	2022-02-07	2022-07-01
293	n1267006	Insecta	Spaghetti	Colonel Sanders	Garnet	Cocama Heteropidae Ichthyomorpha	197231	$32.06 	2021-07-13	2022-08-01
294	n1262531	Antiochian Cocle	Undertow Tech	Joey Bosa	Archery	Wochua Mayo Ineri	3605402	$22.36 	2022-02-06	
295	n1216576	Teucrian	Pursuit Partners	Dick Wolff	Mettle Tester	Thapsia Wenchowese Carthaginian	828347	$113.95 	2022-09-12	Aug
296	n1239774	Insecta	SQL Answers	Jonah J. Jameson	PharoTek	Julianto Kyrie Alaster Carniolan Iglulirmiut	21847304	$0.15 	2022-02-07	2022-07-01
297	n1198517	Tappertitian	LaTeX	Michael Scott	Fluss	Bessera Pieter	63R137066P	$470.54 	2022-01-24	
298	n1267856	Insecta	Spaghetti	Colonel Sanders	Garnet	Cocama Heteropidae Ichthyomorpha	197231	$34.06 	2021-07-13	2022-08-01
299	n1209588	Insecta	Undertow Tech	Joey Bosa	GhostGlass	Vespidae Ottomanize Apotactic Incan	449102	$25.00 	2022-02-06	2022-08-01
300	n1271359	Tarahumar - Siphonariidae & Elephantopus	LaTeX	Michael Scott	Martian Colony	Tartarology	74453	$14.99 	2022-07-12	
301	n1221098	Insecta	DVD Bounce	Charlemagne	Darwin	Horatio Entomophaga Leonardesque	21860605701-010	$26.91 	2022-01-15	2022-07-01
302	n1282971	Dianil	PanGalactic GargleBlasters	Ricky Gervaise	JPG	Narciss Redunca Sapotaceae Idaic	27708162	$0.01 	2022-05-13	
303	n1266537	Antiochian Cocle	Undertow Tech	Joey Bosa	Country Music Channel	William	9792631	$20.00 	2022-02-06	
304	n1278124	Byzantinize Tamaroa	Moccasin	Daniel LaRusso	Unlikely Story	Wyomingite & Washingtonian Leuckartia	41602303-26	$700.00 	2021-04-05	
305	n1246503	Insecta	SQL Answers	Jonah J. Jameson	Countertop Comms	Sphacelariales Mithraist Lymnaea	4098319	$8.34 	2022-10-10	2022-07-31
306	n1192382	Aglaos	Emphatic Comms	David Guerra	GhostGlass	Sciadopitys Whistonian Chilostoma	423985	$102.00 	2021-08-04	
307	n1283861	Dianil	DVD Bounce	Charlemagne	Martian Colony	Werner Redemptine Rapaces Edwardeanism	20832	$2.42 	2022-10-11	
308	n1251885	Insecta	Bermuda Triangle	Eleanor of Acquitaine	GhostGlass	Katharina Russophilism Lucile	836359	$41.45 	2022-01-24	2022-08-01
309	n1194502	Tarahumar - Siphonariidae & Elephantopus	LaTeX	Michael Scott	Skynet	Baianism Leisten	2974	$49.95 	2022-01-21	
310	n1224401	Insecta	SQL Answers	Jonah J. Jameson	PharoTek	Crypteroniaceae Cryptocleidus	83014037	$0.15 	2022-02-07	2022-07-01
311	n1264141	Antiochian Cocle	Undertow Tech	Joey Bosa	GhostGlass	William	073898	$103.00 	2022-02-06	
312	n1291425	Xenophonic	SQL Answers	Jonah J. Jameson	Mettle Tester	Tapachula Ibidinae	56197	$10.95 	2022-02-06	
313	n1217332	Teucrian	Pursuit Partners	Dick Wolff	Country Music Channel	Palaeocene Panamanian Amia Suaeda Irisher	8976R401	$414.99 	2022-09-12	Jul
314	n1259720	Antiochian Cocle	U2 New	K22	Ablative Company	Hysterophyta Epicarides Cephalacanthidae Iguanidae	05004730500	$90.00 	2022-03-01	
315	n1261896	Antiochian Cocle	Undertow Tech	Joey Bosa	Archery	Wochua Mayo Ineri	3605402	$19.74 	2022-02-06	
316	n1260168	Insecta	General Coelecanth Nativity	San Pelegrino	SW Walker	Banda	77913473	$892.50 	2022-08-05	2022-07-19
317	n1201247	Insecta	Undertow Tech	Joey Bosa	Perfect Square	Witumki Molluginaceae	0090O9A9520	$5.00 	2022-02-06	2022-07-01
318	n1290486	Xenophonic	SQL Answers	Jonah J. Jameson	Mettle Tester	Mosaical Tang	73986	$35.00 	2022-02-06	
319	n1266625	Antiochian Cocle	Undertow Tech	Joey Bosa	Country Music Channel	William	5732996	$20.00 	2022-02-06	
320	n1240524	Insecta	SQL Answers	Jonah J. Jameson	PharoTek	Julianto Kyrie Alaster Carniolan Iglulirmiut	21847304	$0.15 	2022-02-07	2022-07-01
321	n1243708	Insecta	SQL Answers	Jonah J. Jameson	Fission	Malva Mordvinian Ibadite	MoHo ebMttCses urnosrcWti	$39.90 	2022-02-07	2022-07-01
322	n1259987	Insecta	General Coelecanth Nativity	San Pelegrino	Perfect Square	Baluba Americophobe Muscidae	9CO021220730	$10.00 	2022-03-07	2022-06-01
323	n1266224	Antiochian Cocle	Undertow Tech	Joey Bosa	Country Music Channel	Lampong Alibamu Agade Lois	4703713	$224.00 	2022-02-06	
324	n1246902	Insecta	SQL Answers	Jonah J. Jameson	Dumb Head	Baxterian Carapacho	1009157	$54.00 	2022-02-07	2022-07-01
325	n1241409	Insecta	SQL Answers	Jonah J. Jameson	PharoTek	Julianto Kyrie Alaster Carniolan Iglulirmiut	21847304	$0.15 	2022-02-07	2022-07-01
326	n1277009	Byzantinize Tamaroa	Moccasin	Daniel LaRusso	Perfect Square	Annulata Ribhus Cordaitales & Raphidodea	07060R132W	$23.31 	2021-04-05	
327	n1235143	Insecta	SQL Answers	Jonah J. Jameson	PharoTek	Desmanthus Sericocarpus & Capricorn	73883187	$0.15 	2022-02-07	2022-07-01
328	n1223257	Insecta	SQL Answers	Jonah J. Jameson	PharoTek	Mosaical Tang	22C505505G26-	$464.89 	2022-02-07	2022-07-01
329	n1212005	Insecta	Undertow Tech	Joey Bosa	Fluss	Graptolithina	1P10R5297	$0.00 	2022-02-06	2022-07-26
330	n1193103	Aglaos	General Coelecanth Nativity	San Pelegrino	Garnet	Cetid Leiotrichinae	667231	($5.00)	2021-11-05	
331	n1292232	Xenophonic	SQL Answers	Jonah J. Jameson	Mettle Tester	Wappato Calvary Stuartia	48893	$24.45 	2022-02-06	
332	n1203732	Insecta	Undertow Tech	Joey Bosa	PharoTek	Nanny Yale Sjouke	19384693	$0.11 	2022-02-06	2022-07-01
333	n1262495	Antiochian Cocle	Undertow Tech	Joey Bosa	Archery	Wochua Mayo Ineri	3605402	$22.36 	2022-02-06	
334	n1202110	Insecta	Undertow Tech	Joey Bosa	PharoTek	Nanny Yale Sjouke	19384693	$0.11 	2022-02-06	2022-07-01
335	n1261144	Insecta	PanGalactic GargleBlasters	Ricky Gervaise	Ear Throw	Bambos Neowashingtonia Alkoranic Inigo	8234481-O4	$197.85 	2022-04-13	2022-07-21
336	n1266725	Antiochian Cocle	Undertow Tech	Joey Bosa	Country Music Channel	William	8827533	$20.00 	2022-02-06	
337	n1201783	Insecta	Undertow Tech	Joey Bosa	PharoTek	Nanny Yale Sjouke	19384693	$0.11 	2022-02-06	2022-07-01
338	n1233093	Insecta	SQL Answers	Jonah J. Jameson	PharoTek	Euskarian Charles Melcarth	-ZTLT5XA39F-	$2,387.30 	2022-02-07	2022-07-01
339	n1217510	Teucrian	Pursuit Partners	Dick Wolff	OrderAxion	Dicynodontidae Minorcan Erpetoichthys	43247	$299.00 	2022-09-12	Jul
340	n1202429	Insecta	Undertow Tech	Joey Bosa	PharoTek	Nanny Yale Sjouke	19384693	$0.11 	2022-02-06	2022-07-01
341	n1220753	Insecta	DVD Bounce	Charlemagne	Darwin	Nozi Heterosiphonales Holochoanoida Camelidae	0113612671-6087	$11.64 	2022-01-15	2022-07-01
342	n1195980	Teucrian	Carmina Burana LLC	Lisa Giaconda	Countertop Comms	Ulyssean Sphingurus Biham	0410566	$12.20 	2021-10-28	Aug
343	n1283310	Dianil	PanGalactic GargleBlasters	Ricky Gervaise	JPG	Cezannesque Choco Inkerman	71130502	$0.19 	2022-05-13	
344	n1227861	Insecta	SQL Answers	Jonah J. Jameson	PharoTek	Crypteroniaceae Cryptocleidus	83014037	$0.15 	2022-02-07	2022-07-01
345	n1259775	Antiochian Cocle	U2	K2	Rainbow	Euglenales Cercidiphyllaceae Mara Darsonval	4050882634058184	$89.99 	2021-05-11	
346	n1239973	Insecta	SQL Answers	Jonah J. Jameson	PharoTek	Julianto Kyrie Alaster Carniolan Iglulirmiut	21847304	$0.15 	2022-02-07	2022-07-01
347	n1223865	Insecta	SQL Answers	Jonah J. Jameson	PharoTek	Crypteroniaceae Cryptocleidus	83014037	$0.15 	2022-02-07	2022-07-01
348	n1255138	Insecta	Terrier Networks	Elastigirl	PharoTek	Algores Frenchman Coprosma Uropsilus	47833927	$0.14 	2021-07-13	2022-07-01
349	n1262960	Antiochian Cocle	Undertow Tech	Joey Bosa	Archery	Wochua Mayo Ineri	3605402	$24.74 	2022-02-06	
350	n1264768	Antiochian Cocle	Undertow Tech	Joey Bosa	GhostGlass	Vespidae Ottomanize Apotactic Incan	294432	$169.16 	2022-02-06	
351	n1235920	Insecta	SQL Answers	Jonah J. Jameson	PharoTek	Desmanthus Sericocarpus & Capricorn	73883187	$0.15 	2022-02-07	2022-07-01
352	n1247000	Insecta	SQL Answers	Jonah J. Jameson	Mettle Tester	Baxterian Carapacho	51752068-9861	$389.00 	2022-02-07	2022-08-15
353	n1231072	Insecta	SQL Answers	Jonah J. Jameson	PharoTek	Crypteroniaceae Cryptocleidus	83014037	$0.15 	2022-02-07	2022-07-01
354	n1208420	Insecta	Undertow Tech	Joey Bosa	GhostGlass	Vespidae Ottomanize Apotactic Incan	002340	$25.00 	2022-02-06	2022-08-01
355	n1259589	Antiochian Cocle	U2 New	K22	Perfect Square	Gramineae	420B151727840Q1	$16.00 	2022-03-01	7/3/2022 12:00:00 AM
356	n1212936	Insecta	Undertow Tech	Joey Bosa	Darwin	Frenchwoman Anapterygota Knoxian & Sarcocystidea Lucia	1304130341776-1	$130.48 	2022-02-06	2022-07-01
357	n1277014	Byzantinize Tamaroa	Moccasin	Daniel LaRusso	Perfect Square	Annulata Ribhus Cordaitales & Raphidodea	07060R132W	$23.31 	2021-04-05	
358	n1203774	Insecta	Undertow Tech	Joey Bosa	PharoTek	Nanny Yale Sjouke	19384693	$0.11 	2022-02-06	2022-07-01
359	n1242972	Insecta	SQL Answers	Jonah J. Jameson	Unlikely Story	Wodenism	104328-0330	$1,150.00 	2022-03-07	2022-08-31
360	n1258119	Insecta	Terrier Networks	Elastigirl	PharoTek	Amidism Paduanism Sammy Caretta	87894566	$130.39 	2021-07-13	2022-07-01
361	n1294075	Insecta	NGL Solutions	Bob Dole	Bear Country News	Attidae Chleuh Ulvaceae	O88C079B	$110.95 	2022-10-14	2022-07-15
362	n1220462	Insecta	DVD Bounce	Charlemagne	Darwin	Nozi Heterosiphonales Holochoanoida Camelidae	825771-11040172	$13.09 	2022-01-15	2022-07-01
363	n1225488	Insecta	SQL Answers	Jonah J. Jameson	PharoTek	Crypteroniaceae Cryptocleidus	83014037	$0.15 	2022-02-07	2022-07-01
364	n1229204	Insecta	SQL Answers	Jonah J. Jameson	PharoTek	Crypteroniaceae Cryptocleidus	83014037	$0.15 	2022-02-07	2022-07-01
365	n1234680	Insecta	SQL Answers	Jonah J. Jameson	PharoTek	Desmanthus Sericocarpus & Capricorn	73883187	$0.15 	2022-02-07	2022-07-01
366	n1266491	Antiochian Cocle	Undertow Tech	Joey Bosa	Country Music Channel	William	4770699	$20.00 	2022-02-06	
367	n1235111	Insecta	SQL Answers	Jonah J. Jameson	PharoTek	Desmanthus Sericocarpus & Capricorn	73883187	$0.15 	2022-02-07	2022-07-01
368	n1228204	Insecta	SQL Answers	Jonah J. Jameson	PharoTek	Crypteroniaceae Cryptocleidus	83014037	$0.15 	2022-02-07	2022-07-01
369	n1238569	Insecta	SQL Answers	Jonah J. Jameson	PharoTek	Desmanthus Sericocarpus & Capricorn	73883187	$0.15 	2022-02-07	2022-07-01
370	n1212291	Insecta	Undertow Tech	Joey Bosa	Fluss	Virbius Rupicapra Urtica Ilysanthes	PR5452279	$87.93 	2022-02-06	2022-07-26
371	n1204969	Insecta	Undertow Tech	Joey Bosa	Rainbow	Hyla Hephaestian	8N-02190L1315 -034051213901708T	$114.85 	2022-08-05	2022-08-01
372	n1211617	Insecta	Undertow Tech	Joey Bosa	Fluss	Graptolithina	9207P30R3	$25.00 	2022-02-06	2022-07-26
373	n1215877	Teucrian	Pursuit Partners	Dick Wolff	Countertop Comms	Koranist Froebelian Coleochaetaceae Umatilla	6294224	$263.98 	2022-09-12	Aug
374	n1218227	Teucrian	Pursuit Partners	Dick Wolff	LocalMax	Pedetinae Madelon	17147117432	$21.94 	2022-09-12	Jun
375	n1237105	Insecta	SQL Answers	Jonah J. Jameson	PharoTek	Desmanthus Sericocarpus & Capricorn	73883187	$0.15 	2022-02-07	2022-07-01
376	n1271846	Antiochian Cocle	Bermuda Triangle	Eleanor of Acquitaine	GhostGlass	Anabaptistically	743841	$0.00 	2022-03-04	8/2022
377	n1263809	Antiochian Cocle	Undertow Tech	Joey Bosa	GhostGlass	William	073898	$104.50 	2022-02-06	
378	n1208952	Insecta	Undertow Tech	Joey Bosa	GhostGlass	Vespidae Ottomanize Apotactic Incan	345620	$205.00 	2022-02-06	2022-08-01
379	n1221414	Insecta	DVD Bounce	Charlemagne	Darwin	Nozi Heterosiphonales Holochoanoida Camelidae	0211-9718170691	$204.00 	2022-01-15	2022-07-01
380	n1251109	Insecta	Bermuda Triangle	Eleanor of Acquitaine	GhostGlass	Inocarpus Endamoeba	789320	$36.45 	2022-01-24	2022-08-01
381	n1220894	Insecta	DVD Bounce	Charlemagne	Darwin	Horatio Entomophaga Leonardesque	6110620080131-8	$153.75 	2022-01-15	2022-07-01
382	n1205371	Insecta	Undertow Tech	Joey Bosa	Rainbow	Nazi Satyrinae Octavius Octacnemus Thargelion Alpine Graptolitha	082L1T-0141N181405503-40 8038825	$89.99 	2022-08-05	2022-08-01
383	n1286946	Dianil	Emphatic Comms	David Guerra	Jargon	Bitis Migonitis Aglaspis Duralumin Scorzonera	326134436	$57.95 	2021-04-12	
384	n1243502	Insecta	SQL Answers	Jonah J. Jameson	Redundant Accessories	Sphacelariales Mithraist Lymnaea	34A652S2206-9	$1,800.00 	2022-02-07	2022-07-31
385	n1213241	Teucrian	Pursuit Partners	Dick Wolff	Infrastructural Necessity	Austerlitz Maimonidean Adoniad	72445	$36.75 	2022-09-12	Jul
386	n1226138	Insecta	SQL Answers	Jonah J. Jameson	PharoTek	Crypteroniaceae Cryptocleidus	83014037	$0.15 	2022-02-07	2022-07-01
387	n1288554	Teucrian	Galaxy	Nanny Ogden	Puttputt Audio	Salviniales	01654105	$225.00 	2022-10-12	Jul
388	n1276242	Byzantinize Tamaroa	MoonMoth	Monica Lewinski	Physics Portmanteau	Oreas Turkologist	404413	$138.00 	2021-04-08	
389	n1290134	Xenophonic	SQL Answers	Jonah J. Jameson	Mettle Tester	Mosaical Tang	73986	$59.15 	2022-02-06	
390	n1286920	Dianil	Emphatic Comms	David Guerra	Jargon	Bitis Migonitis Aglaspis Duralumin Scorzonera	326134436	($15.00)	2021-04-12	
391	n1260479	Insecta	General Coelecanth Nativity	San Pelegrino	2D Limit	Nyaya Pedioecetes Iricism	422793714	$40.00 	2021-12-07	2022-07-08
392	n1221392	Insecta	DVD Bounce	Charlemagne	Darwin	Nozi Heterosiphonales Holochoanoida Camelidae	1765-0210117891	$12.75 	2022-01-15	2022-07-01
393	n1262519	Antiochian Cocle	Undertow Tech	Joey Bosa	Archery	Wochua Mayo Ineri	3605402	$22.36 	2022-02-06	
394	n1289886	Xenophonic	SQL Answers	Jonah J. Jameson	Mettle Tester	Mosaical Tang	73986	$37.50 	2022-02-06	
395	n1264482	Antiochian Cocle	Undertow Tech	Joey Bosa	GhostGlass	Vespidae Ottomanize Apotactic Incan	294432	$169.16 	2022-02-06	
396	n1282441	Dianil	PanGalactic GargleBlasters	Ricky Gervaise	JPG	Narciss Redunca Sapotaceae Idaic	27708162	$1.79 	2022-05-13	
397	n1273493	Antiochian Cocle	Pursuit Partners	Dick Wolff	A Stationary	Maenidae Israel Skittagetan Iowan	117333079	$25.00 	2022-09-12	
398	n1252821	Insecta	Bermuda Triangle	Eleanor of Acquitaine	Darwin	Rupert Osnaburg Felis	-11146100005162	$3.49 	2022-01-24	2022-07-01
399	n1254881	Insecta	Terrier Networks	Elastigirl	PharoTek	Algores Frenchman Coprosma Uropsilus	47833927	$0.14 	2021-07-13	2022-07-01
400	n1250011	Insecta	Bermuda Triangle	Eleanor of Acquitaine	Prescription Tees	Anguinidae Capra	3710731004	$60.00 	2022-01-24	2022-07-16
401	n1226295	Insecta	SQL Answers	Jonah J. Jameson	PharoTek	Crypteroniaceae Cryptocleidus	83014037	$0.15 	2022-02-07	2022-07-01
402	n1272825	Antiochian Cocle	Pursuit Partners	Dick Wolff	OrderAxion	Romanity Phacops	5561	$1,399.00 	2022-09-12	7/1/2022 12:00:00 AM
403	n1234090	Insecta	SQL Answers	Jonah J. Jameson	PharoTek	Desmanthus Sericocarpus & Capricorn	73883187	$0.15 	2022-02-07	2022-07-01
404	n1194537	Tarahumar - Siphonariidae & Elephantopus	LaTeX	Michael Scott	Skynet	Murmi	82185	$74.95 	2022-08-09	
405	n1271082	Tarahumar - Siphonariidae & Elephantopus	LaTeX	Michael Scott	Martian Colony	Tagalo Porphyrianist Heliogabalize	35531	$128.85 	2022-01-21	
406	n1256664	Insecta	Terrier Networks	Elastigirl	PharoTek	Amidism Paduanism Sammy Caretta	572488C04	$21.99 	2021-07-13	2022-07-01
407	n1194017	Tarahumar - Siphonariidae & Elephantopus	LaTeX	Michael Scott	StickOut	Eurygaea Echuca	2a0YBn01y0009tQ	$319.20 	2022-01-21	
408	n1252313	Insecta	Bermuda Triangle	Eleanor of Acquitaine	Fluss	Ural Sillaginidae Calchaquian Italianizer	P9131752R	$1.05 	2022-01-24	2022-07-01
409	n1205290	Insecta	Undertow Tech	Joey Bosa	Rainbow	Zonaria Italianate	588 85T5-051372C00034835W	$64.99 	2022-08-05	2022-08-01
410	n1228458	Insecta	SQL Answers	Jonah J. Jameson	PharoTek	Crypteroniaceae Cryptocleidus	83014037	$0.15 	2022-02-07	2022-07-01
411	n1193526	Tarahumar - Siphonariidae & Elephantopus	LaTeX	Michael Scott	Archery	Baianism Leisten	0A8B025	$83.65 	2022-01-21	
412	n1259542	Antiochian Cocle	The Weather Channel	Gary Fern	Meditative Horse	Todus	3-102-16932541572884	$14,007.75 	2022-10-10	
413	n1218365	Teucrian	Pursuit Partners	Dick Wolff	Cable Cats	Alarodian Dabih Impatientaceae	DLA1	$1,092.00 	2022-09-12	Aug
414	n1205979	Insecta	Undertow Tech	Joey Bosa	2D Limit	Wochua Mayo Ineri	7612112218	($1.16)	2022-02-06	2022-07-01
415	n1262570	Antiochian Cocle	Undertow Tech	Joey Bosa	Archery	Wochua Mayo Ineri	3605402	$21.10 	2022-02-06	
416	n1237872	Insecta	SQL Answers	Jonah J. Jameson	PharoTek	Desmanthus Sericocarpus & Capricorn	73883187	$0.15 	2022-02-07	2022-07-01
417	n1227196	Insecta	SQL Answers	Jonah J. Jameson	PharoTek	Crypteroniaceae Cryptocleidus	83014037	$0.15 	2022-02-07	2022-07-01
418	n1250163	Insecta	Bermuda Triangle	Eleanor of Acquitaine	Prescription Tees	Papago Safi Cassegrainian	6791830209	$10.00 	2022-01-24	2022-07-31
419	n1270752	Tarahumar - Siphonariidae & Elephantopus	LaTeX	Michael Scott	Martian Colony	Tagalo Porphyrianist Heliogabalize	87224	$44.50 	2022-01-21	
420	n1248483	Insecta	SQL Answers	Jonah J. Jameson	Skynet	Mosaical Tang	91691356-4541345	$29.95 	2022-02-07	2022-08-01
421	n1237097	Insecta	SQL Answers	Jonah J. Jameson	PharoTek	Desmanthus Sericocarpus & Capricorn	73883187	$0.15 	2022-02-07	2022-07-01
422	n1263588	Antiochian Cocle	Undertow Tech	Joey Bosa	GhostGlass	William	073898	$94.50 	2022-02-06	
423	n1209664	Insecta	Undertow Tech	Joey Bosa	GhostGlass	Vespidae Ottomanize Apotactic Incan	648025	$200.00 	2022-02-06	2022-08-01
424	n1253035	Antiochian Cocle	The Weather Channel	Gary Fern	Apple Core	Scripturalist 1 Landsmaal	03638	$380.00 	2021-07-12	
425	n1190854	Aglaos	Emphatic Comms	David Guerra	PharoTek	Wernerian Enajim	714635N30	$1.57 	2021-04-12	
426	n1217512	Teucrian	Pursuit Partners	Dick Wolff	OrderAxion	Dicynodontidae Minorcan Erpetoichthys	23427	$70.00 	2022-09-12	Jul
427	n1199218	Dianil	SQL Answers	Jonah J. Jameson	Redundant Accessories	Oleacinidae Ciceronian Myxinoidei Latris	57S6581	$696.77 	2022-02-06	
428	n1255464	Insecta	Terrier Networks	Elastigirl	PharoTek	Algores Frenchman Coprosma Uropsilus	47833927	$0.14 	2021-07-13	2022-07-01
429	n1208117	Insecta	Undertow Tech	Joey Bosa	GhostGlass	Vespidae Ottomanize Apotactic Incan	764032	$25.00 	2022-02-06	2022-08-01
430	n1203391	Insecta	Undertow Tech	Joey Bosa	PharoTek	Nanny Yale Sjouke	19384693	$0.11 	2022-02-06	2022-07-01
431	n1197096	Teucrian	Cloud Atlas	Steve Rogers	Mordor	Mohammedanism Tectona Sciurus	48990268203	$7,846.12 	2021-12-28	Aug
432	n1224433	Insecta	SQL Answers	Jonah J. Jameson	PharoTek	Crypteroniaceae Cryptocleidus	83014037	$0.15 	2022-02-07	2022-07-01
433	n1288658	Teucrian	Galaxy	Nanny Ogden	Laborious Home	Norumbega Penny Pterophorus Wednesday & Wedgwood Pleistocenic (Npw Lithuanic	NPW1	$899.45 	2022-10-12	Jul
434	n1275054	Cuchulainn Lesbian	Cloud Atlas	Steve Rogers	Apple Core	Zapara Isuridae	95439	$1,925.00 	2021-01-04	
435	n1280215	Thesmophoric Samnani	LaTeX	Michael Scott	Archery	Shilh Baedekerian Batocrinus & Gesnera	3005DA4	$63.96 	2022-01-21	
436	n1242013	Insecta	SQL Answers	Jonah J. Jameson	PharoTek	Microsporon Gordon Ikhwan	98685990	$393.00 	2022-02-07	2022-07-01
437	n1192063	Aglaos	Emphatic Comms	David Guerra	Genomicon	Illyric Corvus	9417168	$1,305.19 	2021-06-08	
438	n1196248	Cassicus Sphaeromidae	Healthy Relationships	Amadeus Ketchup	PharoTek	Uran Surinam Chelidosaurus Laura	69808878	$162.41 	2021-05-07	Jul
439	n1232240	Insecta	SQL Answers	Jonah J. Jameson	PharoTek	Crypteroniaceae Cryptocleidus	83014037	$0.15 	2022-02-07	2022-07-01
440	n1240196	Insecta	SQL Answers	Jonah J. Jameson	PharoTek	Julianto Kyrie Alaster Carniolan Iglulirmiut	21847304	$0.15 	2022-02-07	2022-07-01
441	n1236948	Insecta	SQL Answers	Jonah J. Jameson	PharoTek	Desmanthus Sericocarpus & Capricorn	73883187	$0.15 	2022-02-07	2022-07-01
442	n1248517	Insecta	SQL Answers	Jonah J. Jameson	Skynet	Mosaical Tang	88326581134817-8	$29.95 	2022-02-07	2022-08-01
443	n1260829	Antiochian Cocle	General Coelecanth Nativity	San Pelegrino	Redundant Accessories	Banda	26305S1	$2,500.00 	2021-11-05	
444	n1284811	Insecta	Cloud Atlas	Steve Rogers	ShelfEdge	Integropalliata Petalostemon Iriartea	16170	$1,150.87 	2020-10-05	2022-07-01
445	n1219667	Insecta	DVD Bounce	Charlemagne	Youngfire	Werner Redemptine Rapaces Edwardeanism	13308702-954-	$299.64 	2022-01-15	2022-07-01
446	n1216340	Teucrian	Pursuit Partners	Dick Wolff	Mettle Tester	Freon Hydatina	863182	$147.99 	2022-09-12	Aug
447	n1280213	Thesmophoric Samnani	LaTeX	Michael Scott	Archery	Shilh Baedekerian Batocrinus & Gesnera	3005DA4	$12.99 	2022-01-21	
448	n1287486	Dianil	General Coelecanth Nativity	San Pelegrino	NASA	Oresteia Quaker	H0695O3CMC1I0 -OXK L	$300.00 	2022-10-12	
449	n1194271	Tarahumar - Siphonariidae & Elephantopus	LaTeX	Michael Scott	Glycerine	Theresa Briggs Agaz Grusian Chin Ottomite Peggy Basilica Chatillon Irvingite	622242	$62.50 	2022-01-21	
450	n1251349	Insecta	Bermuda Triangle	Eleanor of Acquitaine	GhostGlass	Katharina Russophilism Lucile	881493	$99.00 	2022-03-07	2022-08-01
451	n1191133	Aglaos	Emphatic Comms	David Guerra	PharoTek	Siphunculata Amir Gluneamie	85-ISAL71T3187	$0.15 	2021-04-12	
452	n1282628	Dianil	PanGalactic GargleBlasters	Ricky Gervaise	JPG	Narciss Redunca Sapotaceae Idaic	27708162	$0.01 	2022-05-13	
453	n1246816	Insecta	SQL Answers	Jonah J. Jameson	Youngfire	Euphyllopoda Mick Liyuan	-57863861-960	$86.89 	2022-02-07	2022-07-01
454	n1220773	Insecta	DVD Bounce	Charlemagne	Darwin	Nozi Heterosiphonales Holochoanoida Camelidae	1087170017321-6	$6.00 	2022-01-15	2022-07-01
455	n1243890	Insecta	SQL Answers	Jonah J. Jameson	Wood Join	Robinia Cibolan Mustela Lena	28517	$34.00 	2022-02-07	2022-08-01
456	n1286322	Dianil	Emphatic Comms	David Guerra	Jargon	Bitis Migonitis Aglaspis Duralumin Scorzonera	326134436	$45.95 	2021-04-12	
457	n1251551	Insecta	Bermuda Triangle	Eleanor of Acquitaine	GhostGlass	Machiavellian Polyzoa	934045	$28.95 	2022-01-24	2022-08-01
458	n1281708	Dianil	PanGalactic GargleBlasters	Ricky Gervaise	JPG	Narciss Redunca Sapotaceae Idaic	27708162	$1.79 	2022-05-13	
459	n1211300	Insecta	Undertow Tech	Joey Bosa	Fluss	Graptolithina	P99530R20	$1.32 	2022-02-06	2022-07-26
460	n1238068	Insecta	SQL Answers	Jonah J. Jameson	PharoTek	Desmanthus Sericocarpus & Capricorn	73883187	$0.15 	2022-02-07	2022-07-01
461	n1287396	Beni Osirify	Paperclip Maximizer	Peppermint Patty	Physics Portmanteau	Irishian Spirula Ichneumonides	CM807020	$240.00 	2022-06-12	
462	n1235374	Insecta	SQL Answers	Jonah J. Jameson	PharoTek	Desmanthus Sericocarpus & Capricorn	73883187	$0.15 	2022-02-07	2022-07-01
463	n1284987	Bdelloura	U2	K2	Perfect Square	Lamiidae Hymenaic Livistona	40R5W83063	$1.53 	2020-09-24	
464	n1225958	Insecta	SQL Answers	Jonah J. Jameson	PharoTek	Crypteroniaceae Cryptocleidus	83014037	$0.15 	2022-02-07	2022-07-01
465	n1200633	Insecta	Undertow Tech	Joey Bosa	Perfect Square	Quakerishly Harvardian	3330106008509A-O	$18.25 	2022-02-06	2022-07-01
466	n1203209	Insecta	Undertow Tech	Joey Bosa	PharoTek	Nanny Yale Sjouke	19384693	$0.11 	2022-02-06	2022-07-01
467	n1235012	Insecta	SQL Answers	Jonah J. Jameson	PharoTek	Desmanthus Sericocarpus & Capricorn	73883187	$0.15 	2022-02-07	2022-07-01
468	n1290381	Xenophonic	SQL Answers	Jonah J. Jameson	Mettle Tester	Mosaical Tang	73986	$37.50 	2022-02-06	
469	n1292692	Insecta	Treasure Planet	Sean Bean	Banana Farm	Variag Protylopus Chanca	5s4e-eiim1mair oiCiVrsu4 attnP	$199.00 	2022-10-13	2022-07-01
470	n1287411	Beni Osirify	Paperclip Maximizer	Peppermint Patty	Physics Portmanteau	Odobenus Norway Liguorian	C015M009	$191.00 	2022-01-21	
471	n1219733	Insecta	DVD Bounce	Charlemagne	Fluss	Toriest Ovovivipara Ginkgoales	17R846235P2	$12.00 	2022-01-15	2022-07-01
472	n1276302	Byzantinize Tamaroa	MoonMoth	Monica Lewinski	Physics Portmanteau	Harris Cricotus	19M0801C	$39.00 	2021-04-08	
473	n1248866	Insecta	Bermuda Triangle	Eleanor of Acquitaine	Ablative Company	Rajidae Chlamydobacteriales Synoptistic Lapithaean	8112243	$591.00 	2022-01-24	2022-07-01
474	n1237548	Insecta	SQL Answers	Jonah J. Jameson	PharoTek	Desmanthus Sericocarpus & Capricorn	73883187	$0.15 	2022-02-07	2022-07-01
475	n1201618	Insecta	Undertow Tech	Joey Bosa	PharoTek	Nanny Yale Sjouke	19384693	$0.11 	2022-02-06	2022-07-01
476	n1252083	Insecta	Bermuda Triangle	Eleanor of Acquitaine	GhostGlass	Dashnak Virgularia	905047	$54.15 	2022-09-07	2022-08-01
477	n1251967	Insecta	Bermuda Triangle	Eleanor of Acquitaine	GhostGlass	Chroococcus Bertholletia Coraciiformes	237805	$42.70 	2022-01-24	2022-08-01
478	n1256355	Insecta	Terrier Networks	Elastigirl	PharoTek	Tinne Monterey Coumarouna	203919533	$236.43 	2022-10-10	2021-10-01
479	n1251128	Insecta	Bermuda Triangle	Eleanor of Acquitaine	GhostGlass	Inocarpus Endamoeba	363591	$23.25 	2022-01-24	2022-08-01
480	n1289765	Xenophonic	SQL Answers	Jonah J. Jameson	Mettle Tester	Kalmarian Rhinanthus Catharist	66382	$35.00 	2022-02-06	
481	n1206759	Insecta	Undertow Tech	Joey Bosa	Physics Portmanteau	Achatinidae Inia Cellucotton	21B233M5	$50.00 	2022-02-06	2022-07-31
482	n1218608	Insecta	DVD Bounce	Charlemagne	PharoTek	Hester Oleraceae Andesic Imerina	40053727	$4.95 	2022-01-15	2022-07-01
483	n1280739	Thesmophoric Samnani	LaTeX	Michael Scott	Fluss	Nyroca Ourouparia Dagmar Irani	204428802	$0.15 	2022-01-21	
484	n1290913	Xenophonic	SQL Answers	Jonah J. Jameson	Mettle Tester	Muscovi Averrhoa Etruscology	88918	$24.27 	2022-02-06	
485	n1209782	Insecta	Undertow Tech	Joey Bosa	GhostGlass	Vespidae Ottomanize Apotactic Incan	433004	$20.00 	2022-02-06	2022-08-01
486	n1272198	Antiochian Cocle	Pursuit Partners	Dick Wolff	AusYouth	Jewishly Scirophoria	265835	$424.35 	2022-09-12	7/2/2022 12:00:00 AM
487	n1278944	Byzantinize Tamaroa	Moccasin	Daniel LaRusso	Prescription Tees	Chorotega Trifolium Gerbillus Drassidae & Wertherian	151602	$19.00 	2021-04-05	
488	n1250487	Insecta	Bermuda Triangle	Eleanor of Acquitaine	TaskRabbitHutch	Theopaschist Neotremata Rommany Lepidodendraceae	064236	$5.00 	2022-01-24	2022-07-01
489	n1286448	Dianil	Emphatic Comms	David Guerra	Jargon	Bitis Migonitis Aglaspis Duralumin Scorzonera	326134436	$39.95 	2021-04-12	
490	n1251883	Insecta	Bermuda Triangle	Eleanor of Acquitaine	GhostGlass	Katharina Russophilism Lucile	493638	$41.45 	2022-01-24	2022-08-01
491	n1268737	Insecta	Spaghetti	Colonel Sanders	Garnet	Cocama Heteropidae Ichthyomorpha	197231	$38.06 	2021-07-13	2022-08-01
492	n1258584	Insecta	Terrier Networks	Elastigirl	Fission	Menkib Calicut Hysteriales Canellaceae	CMCcphaM iarm y-aPrH	$455.55 	2021-12-06	2022-07-01
493	n1228173	Insecta	SQL Answers	Jonah J. Jameson	PharoTek	Crypteroniaceae Cryptocleidus	83014037	$0.15 	2022-02-07	2022-07-01
494	n1243899	Insecta	SQL Answers	Jonah J. Jameson	Wood Join	Occidentalization Olaf Cratinean Marshall	12247	$60.00 	2022-02-07	2022-08-01
495	n1228892	Insecta	SQL Answers	Jonah J. Jameson	PharoTek	Crypteroniaceae Cryptocleidus	83014037	$0.15 	2022-02-07	2022-07-01
496	n1215776	Teucrian	Pursuit Partners	Dick Wolff	Countertop Comms	Antiarcha Dichorisandra Carcharhinus Insectivora	7387764	$68.59 	2022-09-12	Aug
497	n1243150	Insecta	SQL Answers	Jonah J. Jameson	Ear Throw	Levitism Chalcididae Myrcia Lecanoraceae	O37-865276	$116.85 	2022-06-09	2022-07-21
498	n1232529	Insecta	SQL Answers	Jonah J. Jameson	PharoTek	Crypteroniaceae Cryptocleidus	83014037	$0.15 	2022-02-07	2022-07-01
499	n1210076	Insecta	Undertow Tech	Joey Bosa	GhostGlass	Vespidae Ottomanize Apotactic Incan	233074	$25.00 	2022-02-06	2022-08-01
