	Source	Advisory Partner	Advisor	Supplier	Customer	Account	Amount	Date	count	AccountID
0	Insecta	SQL Answers	Jonah J. Jameson	PharoTek	Crypteroniaceae Cryptocleidus	83014037	$0.15 	2022-02-06	45	7a84PTo00k
1	Insecta	SQL Answers	Jonah J. Jameson	PharoTek	Crypteroniaceae Cryptocleidus	83014037	$0.15 	2022-02-07	45	7a84PTo00k
2	Insecta	SQL Answers	Jonah J. Jameson	PharoTek	Crypteroniaceae Cryptocleidus	83014037	$0.15 	2022-02-07	45	7a84PTo00k
3	Insecta	SQL Answers	Jonah J. Jameson	PharoTek	Crypteroniaceae Cryptocleidus	83014037	$0.15 	2022-02-05	45	7a84PTo00k
4	Insecta	SQL Answers	Jonah J. Jameson	PharoTek	Crypteroniaceae Cryptocleidus	83014037	$0.15 	2022-02-07	45	7a84PTo00k
5	Insecta	SQL Answers	Jonah J. Jameson	PharoTek	Crypteroniaceae Cryptocleidus	83014037	$0.15 	2022-02-07	45	7a84PTo00k
6	Insecta	SQL Answers	Jonah J. Jameson	PharoTek	Crypteroniaceae Cryptocleidus	83014037	$0.15 	2022-02-07	45	7a84PTo00k
7	Insecta	SQL Answers	Jonah J. Jameson	PharoTek	Crypteroniaceae Cryptocleidus	83014037	$0.15 	2022-02-07	45	7a84PTo00k
8	Insecta	SQL Answers	Jonah J. Jameson	PharoTek	Crypteroniaceae Cryptocleidus	83014037	$0.15 	2022-02-07	45	7a84PTo00k
9	Insecta	SQL Answers	Jonah J. Jameson	PharoTek	Crypteroniaceae Cryptocleidus	83014037	$0.15 	2022-02-07	45	7a84PTo00k
10	Insecta	SQL Answers	Jonah J. Jameson	PharoTek	Crypteroniaceae Cryptocleidus	83014037	$0.15 	2022-02-07	45	7a84PTo00k
11	Insecta	SQL Answers	Jonah J. Jameson	PharoTek	Crypteroniaceae Cryptocleidus	83014037	$0.15 	2022-02-07	45	7a84PTo00k
12	Insecta	SQL Answers	Jonah J. Jameson	PharoTek	Crypteroniaceae Cryptocleidus	83014037	$0.15 	2022-02-07	45	7a84PTo00k
13	Insecta	SQL Answers	Jonah J. Jameson	PharoTek	Crypteroniaceae Cryptocleidus	83014037	$0.15 	2022-02-07	45	7a84PTo00k
14	Insecta	SQL Answers	Jonah J. Jameson	PharoTek	Crypteroniaceae Cryptocleidus	83014037	$0.15 	2022-02-07	45	7a84PTo00k
15	Insecta	SQL Answers	Jonah J. Jameson	PharoTek	Crypteroniaceae Cryptocleidus	83014037	$0.15 	2022-02-07	45	7a84PTo00k
16	Insecta	SQL Answers	Jonah J. Jameson	PharoTek	Crypteroniaceae Cryptocleidus	83014037	$0.15 	2022-02-07	45	7a84PTo00k
17	Insecta	SQL Answers	Jonah J. Jameson	PharoTek	Crypteroniaceae Cryptocleidus	83014037	$0.15 	2022-02-07	45	7a84PTo00k
18	Insecta	SQL Answers	Jonah J. Jameson	PharoTek	Crypteroniaceae Cryptocleidus	83014037	$0.15 	2022-02-06	45	7a84PTo00k
19	Insecta	SQL Answers	Jonah J. Jameson	PharoTek	Crypteroniaceae Cryptocleidus	83014037	$0.15 	2022-02-07	45	7a84PTo00k
20	Insecta	SQL Answers	Jonah J. Jameson	PharoTek	Crypteroniaceae Cryptocleidus	83014037	$0.15 	2022-02-07	45	7a84PTo00k
21	Insecta	SQL Answers	Jonah J. Jameson	PharoTek	Crypteroniaceae Cryptocleidus	83014037	$0.15 	2022-02-07	45	7a84PTo00k
22	Insecta	SQL Answers	Jonah J. Jameson	PharoTek	Crypteroniaceae Cryptocleidus	83014037	$0.15 	2022-02-07	45	7a84PTo00k
23	Insecta	SQL Answers	Jonah J. Jameson	PharoTek	Crypteroniaceae Cryptocleidus	83014037	$0.15 	2022-02-07	45	7a84PTo00k
24	Insecta	SQL Answers	Jonah J. Jameson	PharoTek	Crypteroniaceae Cryptocleidus	83014037	$0.15 	2022-02-07	45	7a84PTo00k
25	Insecta	SQL Answers	Jonah J. Jameson	PharoTek	Crypteroniaceae Cryptocleidus	83014037	$0.15 	2022-02-06	45	7a84PTo00k
26	Insecta	SQL Answers	Jonah J. Jameson	PharoTek	Crypteroniaceae Cryptocleidus	83014037	$0.15 	2022-02-07	45	7a84PTo00k
27	Insecta	SQL Answers	Jonah J. Jameson	PharoTek	Crypteroniaceae Cryptocleidus	83014037	$0.15 	2022-02-07	45	7a84PTo00k
28	Insecta	SQL Answers	Jonah J. Jameson	PharoTek	Crypteroniaceae Cryptocleidus	83014037	$0.15 	2022-02-07	45	7a84PTo00k
29	Insecta	SQL Answers	Jonah J. Jameson	PharoTek	Crypteroniaceae Cryptocleidus	83014037	$0.15 	2022-02-07	45	7a84PTo00k
30	Insecta	SQL Answers	Jonah J. Jameson	PharoTek	Crypteroniaceae Cryptocleidus	83014037	$0.15 	2022-02-07	45	7a84PTo00k
31	Insecta	SQL Answers	Jonah J. Jameson	PharoTek	Crypteroniaceae Cryptocleidus	83014037	$0.15 	2022-02-05	45	7a84PTo00k
32	Insecta	SQL Answers	Jonah J. Jameson	PharoTek	Crypteroniaceae Cryptocleidus	83014037	$0.15 	2022-02-07	45	7a84PTo00k
33	Insecta	SQL Answers	Jonah J. Jameson	PharoTek	Crypteroniaceae Cryptocleidus	83014037	$0.15 	2022-02-05	45	7a84PTo00k
34	Insecta	SQL Answers	Jonah J. Jameson	PharoTek	Crypteroniaceae Cryptocleidus	83014037	$0.15 	2022-02-07	45	7a84PTo00k
35	Insecta	SQL Answers	Jonah J. Jameson	PharoTek	Crypteroniaceae Cryptocleidus	83014037	$0.15 	2022-02-07	45	7a84PTo00k
36	Insecta	SQL Answers	Jonah J. Jameson	PharoTek	Crypteroniaceae Cryptocleidus	83014037	$0.15 	2022-02-07	45	7a84PTo00k
37	Insecta	SQL Answers	Jonah J. Jameson	PharoTek	Crypteroniaceae Cryptocleidus	83014037	$0.15 	2022-02-07	45	7a84PTo00k
38	Insecta	SQL Answers	Jonah J. Jameson	PharoTek	Crypteroniaceae Cryptocleidus	83014037	$0.15 	2022-02-07	45	7a84PTo00k
39	Insecta	SQL Answers	Jonah J. Jameson	PharoTek	Crypteroniaceae Cryptocleidus	83014037	$0.15 	2022-02-07	45	7a84PTo00k
40	Insecta	SQL Answers	Jonah J. Jameson	PharoTek	Crypteroniaceae Cryptocleidus	83014037	$0.15 	2022-02-07	45	7a84PTo00k
41	Insecta	SQL Answers	Jonah J. Jameson	PharoTek	Crypteroniaceae Cryptocleidus	83014037	$0.15 	2022-02-07	45	7a84PTo00k
42	Insecta	SQL Answers	Jonah J. Jameson	PharoTek	Crypteroniaceae Cryptocleidus	83014037	$0.15 	2022-02-07	45	7a84PTo00k
43	Insecta	SQL Answers	Jonah J. Jameson	PharoTek	Crypteroniaceae Cryptocleidus	83014037	$0.15 	2022-02-07	45	7a84PTo00k
44	Insecta	SQL Answers	Jonah J. Jameson	PharoTek	Crypteroniaceae Cryptocleidus	83014037	$0.15 	2022-02-07	45	7a84PTo00k
45	Dianil	DVD Bounce	Charlemagne	Impetus	Sagittariid & Sudanic Lodoicea	092010394940-	$2,750.00 	2022-01-13	1	14p0009m-3
46	Insecta	SQL Answers	Jonah J. Jameson	PharoTek	Julianto Kyrie Alaster Carniolan Iglulirmiut	21847304	$0.15 	2022-02-06	12	Teha0r1843
47	Insecta	SQL Answers	Jonah J. Jameson	PharoTek	Julianto Kyrie Alaster Carniolan Iglulirmiut	21847304	$0.25 	2022-02-06	12	Teha0r1843
48	Insecta	SQL Answers	Jonah J. Jameson	PharoTek	Julianto Kyrie Alaster Carniolan Iglulirmiut	21847304	$0.15 	2022-02-07	12	Teha0r1843
49	Insecta	SQL Answers	Jonah J. Jameson	PharoTek	Julianto Kyrie Alaster Carniolan Iglulirmiut	21847304	$0.15 	2022-02-05	12	Teha0r1843
50	Insecta	SQL Answers	Jonah J. Jameson	PharoTek	Julianto Kyrie Alaster Carniolan Iglulirmiut	21847304	$0.25 	2022-02-07	12	Teha0r1843
51	Insecta	SQL Answers	Jonah J. Jameson	PharoTek	Julianto Kyrie Alaster Carniolan Iglulirmiut	21847304	$0.15 	2022-02-07	12	Teha0r1843
52	Insecta	SQL Answers	Jonah J. Jameson	PharoTek	Julianto Kyrie Alaster Carniolan Iglulirmiut	21847304	$0.15 	2022-02-07	12	Teha0r1843
53	Insecta	SQL Answers	Jonah J. Jameson	PharoTek	Julianto Kyrie Alaster Carniolan Iglulirmiut	21847304	$0.15 	2022-02-07	12	Teha0r1843
54	Insecta	SQL Answers	Jonah J. Jameson	PharoTek	Julianto Kyrie Alaster Carniolan Iglulirmiut	21847304	$0.15 	2022-02-05	12	Teha0r1843
55	Insecta	SQL Answers	Jonah J. Jameson	PharoTek	Julianto Kyrie Alaster Carniolan Iglulirmiut	21847304	$0.15 	2022-02-07	12	Teha0r1843
56	Insecta	SQL Answers	Jonah J. Jameson	PharoTek	Julianto Kyrie Alaster Carniolan Iglulirmiut	21847304	$0.15 	2022-02-07	12	Teha0r1843
57	Insecta	SQL Answers	Jonah J. Jameson	PharoTek	Julianto Kyrie Alaster Carniolan Iglulirmiut	21847304	$0.15 	2022-02-07	12	Teha0r1843
58	Dianil	PanGalactic GargleBlasters	Ricky Gervaise	SW Walker	Elysia & Epigaea Monostomum Loranthus	9763411515498	$54.74 	2022-07-13	1	414r196e95
59	Teucrian	Pursuit Partners	Dick Wolff	LocalMax	Pedetinae Madelon	74137147131	$84.95 	2022-09-12	1	7434aM1c17
60	Insecta	DVD Bounce	Charlemagne	Physics Portmanteau	Slavophilism Aroras Saccomyoidea Megaric & Fermatian Lasi	B83M7790	$50.00 	2022-04-05	1	haoeuBy77t
61	Insecta	Undertow Tech	Joey Bosa	PharoTek	Nanny Yale Sjouke	19384693	$0.11 	2022-02-04	18	4ar619kPoe
62	Insecta	Undertow Tech	Joey Bosa	PharoTek	Nanny Yale Sjouke	19384693	$0.11 	2022-02-06	18	4ar619kPoe
63	Insecta	Undertow Tech	Joey Bosa	PharoTek	Nanny Yale Sjouke	19384693	$0.11 	2022-02-06	18	4ar619kPoe
64	Insecta	Undertow Tech	Joey Bosa	PharoTek	Nanny Yale Sjouke	19384693	$0.11 	2022-02-05	18	4ar619kPoe
65	Insecta	Undertow Tech	Joey Bosa	PharoTek	Nanny Yale Sjouke	19384693	$0.11 	2022-02-06	18	4ar619kPoe
66	Insecta	Undertow Tech	Joey Bosa	PharoTek	Nanny Yale Sjouke	19384693	$0.11 	2022-02-06	18	4ar619kPoe
67	Insecta	Undertow Tech	Joey Bosa	PharoTek	Nanny Yale Sjouke	19384693	$0.11 	2022-02-06	18	4ar619kPoe
68	Insecta	Undertow Tech	Joey Bosa	PharoTek	Nanny Yale Sjouke	19384693	$0.11 	2022-02-06	18	4ar619kPoe
69	Insecta	Undertow Tech	Joey Bosa	PharoTek	Nanny Yale Sjouke	19384693	$0.11 	2022-02-06	18	4ar619kPoe
70	Insecta	Undertow Tech	Joey Bosa	PharoTek	Nanny Yale Sjouke	19384693	$0.11 	2022-02-06	18	4ar619kPoe
71	Insecta	Undertow Tech	Joey Bosa	PharoTek	Nanny Yale Sjouke	19384693	$0.11 	2022-02-06	18	4ar619kPoe
72	Insecta	Undertow Tech	Joey Bosa	PharoTek	Nanny Yale Sjouke	19384693	$0.11 	2022-02-06	18	4ar619kPoe
73	Insecta	Undertow Tech	Joey Bosa	PharoTek	Nanny Yale Sjouke	19384693	$0.11 	2022-02-06	18	4ar619kPoe
74	Insecta	Undertow Tech	Joey Bosa	PharoTek	Nanny Yale Sjouke	19384693	$0.11 	2022-02-06	18	4ar619kPoe
75	Insecta	Undertow Tech	Joey Bosa	PharoTek	Nanny Yale Sjouke	19384693	$0.11 	2022-02-06	18	4ar619kPoe
76	Insecta	Undertow Tech	Joey Bosa	PharoTek	Nanny Yale Sjouke	19384693	$0.11 	2022-02-05	18	4ar619kPoe
77	Insecta	Undertow Tech	Joey Bosa	PharoTek	Nanny Yale Sjouke	19384693	$0.11 	2022-02-05	18	4ar619kPoe
78	Insecta	Undertow Tech	Joey Bosa	PharoTek	Nanny Yale Sjouke	19384693	$0.11 	2022-02-06	18	4ar619kPoe
79	Insecta	SQL Answers	Jonah J. Jameson	PharoTek	Axonopus Utopian Pleurobrachia	42859314	$0.14 	2022-02-07	1	r213ahk49o
80	Insecta	Undertow Tech	Joey Bosa	GhostGlass	Vespidae Ottomanize Apotactic Incan	376480	$20.00 	2022-02-06	1	s84at0G3G7
81	Dianil	DVD Bounce	Charlemagne	Mettle Tester	Rubia Austrophilism Satanism Caesalpinia	738556	$0.00 	2022-01-18	1	6est5tleet
82	Antiochian Cocle	Undertow Tech	Joey Bosa	GhostGlass	Vespidae Ottomanize Apotactic Incan	441943	$72.00 	2022-02-04	3	34lGG4s1so
83	Antiochian Cocle	Undertow Tech	Joey Bosa	GhostGlass	Vespidae Ottomanize Apotactic Incan	441943	$18.00 	2022-02-06	3	34lGG4s1so
84	Antiochian Cocle	Undertow Tech	Joey Bosa	GhostGlass	Vespidae Ottomanize Apotactic Incan	441943	$18.00 	2022-02-06	3	34lGG4s1so
85	Insecta	SQL Answers	Jonah J. Jameson	PharoTek	Desmanthus Sericocarpus & Capricorn	73883187	$0.15 	2022-02-07	35	r1k8oeT787
86	Insecta	SQL Answers	Jonah J. Jameson	PharoTek	Desmanthus Sericocarpus & Capricorn	73883187	$0.15 	2022-02-07	35	r1k8oeT787
87	Insecta	SQL Answers	Jonah J. Jameson	PharoTek	Desmanthus Sericocarpus & Capricorn	73883187	$0.15 	2022-02-07	35	r1k8oeT787
88	Insecta	SQL Answers	Jonah J. Jameson	PharoTek	Desmanthus Sericocarpus & Capricorn	73883187	$0.15 	2022-02-05	35	r1k8oeT787
89	Insecta	SQL Answers	Jonah J. Jameson	PharoTek	Desmanthus Sericocarpus & Capricorn	73883187	$0.15 	2022-02-07	35	r1k8oeT787
90	Insecta	SQL Answers	Jonah J. Jameson	PharoTek	Desmanthus Sericocarpus & Capricorn	73883187	$0.15 	2022-02-07	35	r1k8oeT787
91	Insecta	SQL Answers	Jonah J. Jameson	PharoTek	Desmanthus Sericocarpus & Capricorn	73883187	$0.15 	2022-02-06	35	r1k8oeT787
92	Insecta	SQL Answers	Jonah J. Jameson	PharoTek	Desmanthus Sericocarpus & Capricorn	73883187	$0.15 	2022-02-07	35	r1k8oeT787
93	Insecta	SQL Answers	Jonah J. Jameson	PharoTek	Desmanthus Sericocarpus & Capricorn	73883187	$822.00 	2022-02-07	35	r1k8oeT787
94	Insecta	SQL Answers	Jonah J. Jameson	PharoTek	Desmanthus Sericocarpus & Capricorn	73883187	$0.15 	2022-02-07	35	r1k8oeT787
95	Insecta	SQL Answers	Jonah J. Jameson	PharoTek	Desmanthus Sericocarpus & Capricorn	73883187	$0.15 	2022-02-07	35	r1k8oeT787
96	Insecta	SQL Answers	Jonah J. Jameson	PharoTek	Desmanthus Sericocarpus & Capricorn	73883187	$0.15 	2022-02-07	35	r1k8oeT787
97	Insecta	SQL Answers	Jonah J. Jameson	PharoTek	Desmanthus Sericocarpus & Capricorn	73883187	$0.15 	2022-02-07	35	r1k8oeT787
98	Insecta	SQL Answers	Jonah J. Jameson	PharoTek	Desmanthus Sericocarpus & Capricorn	73883187	$0.15 	2022-02-07	35	r1k8oeT787
99	Insecta	SQL Answers	Jonah J. Jameson	PharoTek	Desmanthus Sericocarpus & Capricorn	73883187	$0.15 	2022-02-07	35	r1k8oeT787
100	Insecta	SQL Answers	Jonah J. Jameson	PharoTek	Desmanthus Sericocarpus & Capricorn	73883187	$0.15 	2022-02-07	35	r1k8oeT787
101	Insecta	SQL Answers	Jonah J. Jameson	PharoTek	Desmanthus Sericocarpus & Capricorn	73883187	$0.15 	2022-02-07	35	r1k8oeT787
102	Insecta	SQL Answers	Jonah J. Jameson	PharoTek	Desmanthus Sericocarpus & Capricorn	73883187	$0.15 	2022-02-07	35	r1k8oeT787
103	Insecta	SQL Answers	Jonah J. Jameson	PharoTek	Desmanthus Sericocarpus & Capricorn	73883187	$0.15 	2022-02-07	35	r1k8oeT787
104	Insecta	SQL Answers	Jonah J. Jameson	PharoTek	Desmanthus Sericocarpus & Capricorn	73883187	$0.15 	2022-02-07	35	r1k8oeT787
105	Insecta	SQL Answers	Jonah J. Jameson	PharoTek	Desmanthus Sericocarpus & Capricorn	73883187	$0.15 	2022-02-07	35	r1k8oeT787
106	Insecta	SQL Answers	Jonah J. Jameson	PharoTek	Desmanthus Sericocarpus & Capricorn	73883187	$0.15 	2022-02-07	35	r1k8oeT787
107	Insecta	SQL Answers	Jonah J. Jameson	PharoTek	Desmanthus Sericocarpus & Capricorn	73883187	$0.15 	2022-02-05	35	r1k8oeT787
108	Insecta	SQL Answers	Jonah J. Jameson	PharoTek	Desmanthus Sericocarpus & Capricorn	73883187	$0.15 	2022-02-07	35	r1k8oeT787
109	Insecta	SQL Answers	Jonah J. Jameson	PharoTek	Desmanthus Sericocarpus & Capricorn	73883187	$0.15 	2022-02-07	35	r1k8oeT787
110	Insecta	SQL Answers	Jonah J. Jameson	PharoTek	Desmanthus Sericocarpus & Capricorn	73883187	$0.15 	2022-02-07	35	r1k8oeT787
111	Insecta	SQL Answers	Jonah J. Jameson	PharoTek	Desmanthus Sericocarpus & Capricorn	73883187	$0.15 	2022-02-07	35	r1k8oeT787
112	Insecta	SQL Answers	Jonah J. Jameson	PharoTek	Desmanthus Sericocarpus & Capricorn	73883187	$0.15 	2022-02-07	35	r1k8oeT787
113	Insecta	SQL Answers	Jonah J. Jameson	PharoTek	Desmanthus Sericocarpus & Capricorn	73883187	$0.15 	2022-02-07	35	r1k8oeT787
114	Insecta	SQL Answers	Jonah J. Jameson	PharoTek	Desmanthus Sericocarpus & Capricorn	73883187	$0.15 	2022-02-07	35	r1k8oeT787
115	Insecta	SQL Answers	Jonah J. Jameson	PharoTek	Desmanthus Sericocarpus & Capricorn	73883187	$0.15 	2022-02-07	35	r1k8oeT787
116	Insecta	SQL Answers	Jonah J. Jameson	PharoTek	Desmanthus Sericocarpus & Capricorn	73883187	$0.15 	2022-02-07	35	r1k8oeT787
117	Insecta	SQL Answers	Jonah J. Jameson	PharoTek	Desmanthus Sericocarpus & Capricorn	73883187	$0.15 	2022-02-07	35	r1k8oeT787
118	Insecta	SQL Answers	Jonah J. Jameson	PharoTek	Desmanthus Sericocarpus & Capricorn	73883187	$0.15 	2022-02-06	35	r1k8oeT787
119	Insecta	SQL Answers	Jonah J. Jameson	PharoTek	Desmanthus Sericocarpus & Capricorn	73883187	$0.15 	2022-02-07	35	r1k8oeT787
120	Tarahumar - Siphonariidae & Elephantopus	LaTeX	Michael Scott	Skynet	Tagalo Porphyrianist Heliogabalize	433	$54.95 	2022-01-20	1	t33Sk4yen
121	Antiochian Cocle	The Weather Channel	Gary Fern	Apple Core	Nemichthys	89211	$247.50 	2021-06-01	1	p219lrAop8
122	Insecta	Bermuda Triangle	Eleanor of Acquitaine	Ablative Company	Daedal Rasalas Ephydra	9112921	$916.00 	2022-01-24	1	tlCveian9a
123	Antiochian Cocle	U2	K2	Perfect Square	Diegueno Speranza	4421682B10140Q2	$115.00 	2021-08-26	1	4eBSqa11tQ
124	Insecta	Undertow Tech	Joey Bosa	Genomicon	Irishy Hochheimer Aglyphodonta Lamut	7208318	$26.00 	2022-03-07	1	nom10ciG2o
125	Antiochian Cocle	Undertow Tech	Joey Bosa	Archery	Wochua Mayo Ineri	3605402	$28.53 	2022-02-04	9	6cre50420h
126	Antiochian Cocle	Undertow Tech	Joey Bosa	Archery	Wochua Mayo Ineri	3605402	$29.05 	2022-02-04	9	6cre50420h
127	Antiochian Cocle	Undertow Tech	Joey Bosa	Archery	Wochua Mayo Ineri	3605402	$21.10 	2022-02-06	9	6cre50420h
128	Antiochian Cocle	Undertow Tech	Joey Bosa	Archery	Wochua Mayo Ineri	3605402	$22.36 	2022-02-05	9	6cre50420h
129	Antiochian Cocle	Undertow Tech	Joey Bosa	Archery	Wochua Mayo Ineri	3605402	$19.74 	2022-02-06	9	6cre50420h
130	Antiochian Cocle	Undertow Tech	Joey Bosa	Archery	Wochua Mayo Ineri	3605402	$22.36 	2022-02-06	9	6cre50420h
131	Antiochian Cocle	Undertow Tech	Joey Bosa	Archery	Wochua Mayo Ineri	3605402	$24.74 	2022-02-06	9	6cre50420h
132	Antiochian Cocle	Undertow Tech	Joey Bosa	Archery	Wochua Mayo Ineri	3605402	$22.36 	2022-02-06	9	6cre50420h
133	Antiochian Cocle	Undertow Tech	Joey Bosa	Archery	Wochua Mayo Ineri	3605402	$21.10 	2022-02-06	9	6cre50420h
134	Xenophonic	SQL Answers	Jonah J. Jameson	Mettle Tester	Mosaical Tang	73986	$41.29 	2022-02-06	11	el3tTeeers
135	Xenophonic	SQL Answers	Jonah J. Jameson	Mettle Tester	Mosaical Tang	73986	$37.50 	2022-02-06	11	el3tTeeers
136	Xenophonic	SQL Answers	Jonah J. Jameson	Mettle Tester	Mosaical Tang	73986	$21.55 	2022-02-06	11	el3tTeeers
137	Xenophonic	SQL Answers	Jonah J. Jameson	Mettle Tester	Mosaical Tang	73986	$58.71 	2022-02-06	11	el3tTeeers
138	Xenophonic	SQL Answers	Jonah J. Jameson	Mettle Tester	Mosaical Tang	73986	$38.74 	2022-02-05	11	el3tTeeers
139	Xenophonic	SQL Answers	Jonah J. Jameson	Mettle Tester	Mosaical Tang	73986	$37.50 	2022-02-05	11	el3tTeeers
140	Xenophonic	SQL Answers	Jonah J. Jameson	Mettle Tester	Mosaical Tang	73986	$40.02 	2022-02-06	11	el3tTeeers
141	Xenophonic	SQL Answers	Jonah J. Jameson	Mettle Tester	Mosaical Tang	73986	$35.00 	2022-02-05	11	el3tTeeers
142	Xenophonic	SQL Answers	Jonah J. Jameson	Mettle Tester	Mosaical Tang	73986	$59.15 	2022-02-05	11	el3tTeeers
143	Xenophonic	SQL Answers	Jonah J. Jameson	Mettle Tester	Mosaical Tang	73986	$37.50 	2022-02-06	11	el3tTeeers
144	Xenophonic	SQL Answers	Jonah J. Jameson	Mettle Tester	Mosaical Tang	73986	$37.50 	2022-02-06	11	el3tTeeers
145	Insecta	SQL Answers	Jonah J. Jameson	PharoTek	Mosaical Tang	22C505505G26-	$487.83 	2022-02-07	3	rh22605G5-
146	Insecta	SQL Answers	Jonah J. Jameson	PharoTek	Mosaical Tang	22C505505G26-	$454.60 	2022-02-07	3	rh22605G5-
147	Insecta	SQL Answers	Jonah J. Jameson	PharoTek	Mosaical Tang	22C505505G26-	$464.89 	2022-02-07	3	rh22605G5-
148	Insecta	Undertow Tech	Joey Bosa	Perfect Square	Rhodesoid Comtism Italiote	16O3-00020030C01	$20.36 	2022-02-06	1	Ortqur13CS
149	Insecta	Undertow Tech	Joey Bosa	Darwin	Frenchwoman Anapterygota Knoxian & Sarcocystidea Lucia	-02270317413271	$65.24 	2022-02-06	1	31D70-n4i0
150	Insecta	Undertow Tech	Joey Bosa	GhostGlass	Vespidae Ottomanize Apotactic Incan	104369	$205.00 	2022-02-06	1	3oGt1s0lG4
151	Tarahumar - Siphonariidae & Elephantopus	LaTeX	Michael Scott	Skynet	Tartarology	48941	$69.95 	2022-03-04	1	4S8tke9yn1
152	Xenophonic	SQL Answers	Jonah J. Jameson	Mettle Tester	Tapachula Ibidinae	56197	$25.50 	2022-02-06	6	e9e1tett57
153	Xenophonic	SQL Answers	Jonah J. Jameson	Mettle Tester	Tapachula Ibidinae	56197	($5.76)	2022-02-06	6	e9e1tett57
154	Xenophonic	SQL Answers	Jonah J. Jameson	Mettle Tester	Tapachula Ibidinae	56197	$4.75 	2022-02-06	6	e9e1tett57
155	Xenophonic	SQL Answers	Jonah J. Jameson	Mettle Tester	Tapachula Ibidinae	56197	$0.00 	2022-02-04	6	e9e1tett57
156	Xenophonic	SQL Answers	Jonah J. Jameson	Mettle Tester	Tapachula Ibidinae	56197	$36.50 	2022-02-06	6	e9e1tett57
157	Xenophonic	SQL Answers	Jonah J. Jameson	Mettle Tester	Tapachula Ibidinae	56197	$10.95 	2022-02-06	6	e9e1tett57
158	Insecta	SQL Answers	Jonah J. Jameson	Mettle Tester	Baxterian Carapacho	568572191710-	$389.00 	2022-02-07	1	e7tMt7t81e
159	Insecta	Undertow Tech	Joey Bosa	Physics Portmanteau	Anguillula Araua Ishmael	69350B1M	$393.75 	2022-02-06	1	tsca90nmae
160	Insecta	SQL Answers	Jonah J. Jameson	2D Limit	Wodenism	039743635	$1,674.00 	2022-02-07	1	Li753mt249
161	Insecta	Undertow Tech	Joey Bosa	Fluss	Graptolithina	P4540204R	$0.00 	2022-02-06	1	4540R42ls0
162	Tarahumar - Siphonariidae & Elephantopus	LaTeX	Michael Scott	Wood Join	Pulvinaria Idoism Hottentotese	05504120	$68.00 	2022-01-21	1	5o012Jd4o0
163	Antiochian Cocle	Undertow Tech	Joey Bosa	GhostGlass	William	073898	$79.50 	2022-02-06	4	7G8shsal0o
164	Antiochian Cocle	Undertow Tech	Joey Bosa	GhostGlass	William	073898	$103.00 	2022-02-05	4	7G8shsal0o
165	Antiochian Cocle	Undertow Tech	Joey Bosa	GhostGlass	William	073898	$104.50 	2022-02-06	4	7G8shsal0o
166	Antiochian Cocle	Undertow Tech	Joey Bosa	GhostGlass	William	073898	$94.50 	2022-02-06	4	7G8shsal0o
167	Teucrian	Cloud Atlas	Steve Rogers	Mettle Tester	Atacamenian Otuquian Shebat Christopher	843675	$40.00 	2022-03-31	1	sMlet8eT74
168	Antiochian Cocle	Pursuit Partners	Dick Wolff	A Stationary	Maenidae Israel Skittagetan Iowan	117333079	$25.00 	2022-09-11	5	it7o73t31a
169	Antiochian Cocle	Pursuit Partners	Dick Wolff	A Stationary	Maenidae Israel Skittagetan Iowan	117333079	$25.00 	2022-09-12	5	it7o73t31a
170	Antiochian Cocle	Pursuit Partners	Dick Wolff	A Stationary	Maenidae Israel Skittagetan Iowan	117333079	$30.00 	2022-09-12	5	it7o73t31a
171	Antiochian Cocle	Pursuit Partners	Dick Wolff	A Stationary	Maenidae Israel Skittagetan Iowan	117333079	$25.00 	2022-09-11	5	it7o73t31a
172	Antiochian Cocle	Pursuit Partners	Dick Wolff	A Stationary	Maenidae Israel Skittagetan Iowan	117333079	$25.00 	2022-09-12	5	it7o73t31a
173	Insecta	SQL Answers	Jonah J. Jameson	Rainbow	Tenggerese Senusian Phantasiast	4115005-10C0 6T218175W780	$187.97 	2022-02-05	1	15C2054W1i
174	Antiochian Cocle	Undertow Tech	Joey Bosa	GhostGlass	Vespidae Ottomanize Apotactic Incan	294432	$169.16 	2022-02-06	3	2tsaGlos3h
175	Antiochian Cocle	Undertow Tech	Joey Bosa	GhostGlass	Vespidae Ottomanize Apotactic Incan	294432	$169.16 	2022-02-06	3	2tsaGlos3h
176	Antiochian Cocle	Undertow Tech	Joey Bosa	GhostGlass	Vespidae Ottomanize Apotactic Incan	294432	$169.16 	2022-02-06	3	2tsaGlos3h
177	Insecta	Treasure Planet	Sean Bean	PharoTek	Sabazianism Fife Cladodontidae Uzbak	622830832	$225.69 	2022-10-11	1	2e83kh0a22
178	Insecta	SQL Answers	Jonah J. Jameson	PharoTek	Newmanite Helvetia Sulfasuxidine & Lernaeacea	G5-BMCQA-BLL	$908.52 	2022-02-07	1	-LoGMBLeA5
179	Insecta	SQL Answers	Jonah J. Jameson	Youngfire	Eryon Notogaeic & Tritoness Procellaria Acrocomia Altaid	5-9014778-207	$479.20 	2022-02-06	1	57e7ro-1n7
180	Antiochian Cocle	The Weather Channel	Gary Fern	Perfect Square	360Insights	70O03730053A	$0.00 	2021-06-01	1	Ocrt0a0rq3
181	Insecta	Bermuda Triangle	Eleanor of Acquitaine	Fluss	Ulophocinae Lutayo Inigo	4P2050R6528	$257.80 	2022-01-24	1	6Ru480s0l2
182	Insecta	SQL Answers	Jonah J. Jameson	Countertop Comms	Sclerodermi Michael Crocodylus Langsdorffia	3241389	$503.84 	2022-02-07	1	29to33rtop
183	Bdelloura	U2	Referral Plymouth	Latinate Cyrillica	Squalodontidae Stanley Archibald Tanoan Shepherdia	3713032	($60.00)	2021-07-09	1	e7tl2icri3
184	Insecta	Bermuda Triangle	Eleanor of Acquitaine	Prescription Tees	Frenchy Nepa Babelize Ottomanean Squatarola Cyclotella	4031532470	$0.50 	2022-05-09	1	er00s53i1e
185	Teucrian	Pursuit Partners	Dick Wolff	Rainbow	Sabbatian Hydrophyllaceae	2684111404870760	$49.99 	2022-10-10	1	a1n044w718
186	Insecta	Treasure Planet	Sean Bean	Ear Throw	Anisoptera Bucconinae Calochortaceae	50434	$144.85 	2022-10-13	1	oa04r5rh4w
187	Xenophonic	SQL Answers	Jonah J. Jameson	Mettle Tester	Wodenism	88091	$14.99 	2022-02-06	1	M09esttTre
188	Insecta	Bermuda Triangle	Eleanor of Acquitaine	GhostGlass	Trichoptera Songoi Daedalist Himantopus	644093	$21.10 	2022-01-24	1	Gas3hs904l
189	Dianil	General Coelecanth Nativity	San Pelegrino	NASA	Colombina Marc Psittacomorphae Immanuel	28 2P19J6C6 SLV	$748.99 	2022-02-01	1	P226LVCJS6
190	Insecta	SQL Answers	Jonah J. Jameson	Perfect Square	Israeliteship Vindemiatrix Mizar Labyrinthodonta	6C77500720O	$24.00 	2022-03-06	3	0eSqe2ae65
191	Insecta	SQL Answers	Jonah J. Jameson	Perfect Square	Israeliteship Vindemiatrix Mizar Labyrinthodonta	6C77500720O	$24.00 	2022-03-07	3	0eSqe2ae65
192	Insecta	SQL Answers	Jonah J. Jameson	Perfect Square	Israeliteship Vindemiatrix Mizar Labyrinthodonta	6C77500720O	$1.20 	2022-03-07	3	0eSqe2ae65
193	Byzantinize Tamaroa	Moccasin	Daniel LaRusso	Unlikely Story	Dadupanthi Cyclobothra Roccella Enchytraeidae	-0002577388	$213.00 	2021-04-05	1	0i8SUl-073
194	Insecta	SQL Answers	Jonah J. Jameson	PackHunters	Sphacelariales Mithraist Lymnaea	052708104	$35.00 	2022-02-07	1	H0ue21rn48
195	Tarahumar - Siphonariidae & Elephantopus	LaTeX	Michael Scott	Martian Colony	Tagalo Porphyrianist Heliogabalize	22473	$44.50 	2022-01-21	1	nnCl2Ma4ay
196	Byzantinize Tamaroa	Moccasin	Referral Josh Groban	Scopal Modifier	Loxosoma Negrophilism	38172	$75.00 	2021-04-05	1	l2Seoodir3
197	Insecta	SQL Answers	Jonah J. Jameson	Airborne Vegetables	Archaeoceti Mazateco Charicleia Lygeum	9460571	$550.00 	2022-10-10	1	n9bae1oerl
198	Insecta	SQL Answers	Jonah J. Jameson	Rainbow	Lepralia Valerianoides	8630-N1 0T981-01110L7151	$549.00 	2022-02-07	1	8108071oN0
199	Insecta	Bermuda Triangle	Eleanor of Acquitaine	GhostGlass	Chlorion	424337	$28.95 	2022-01-24	1	l24sGo74G3
200	Insecta	SQL Answers	Jonah J. Jameson	Mettle Tester	Baxterian Carapacho	69532-736816	$4.75 	2022-02-07	1	tee683e6e3
201	Insecta	Bermuda Triangle	Eleanor of Acquitaine	Stable Eruv	Katharina Russophilism Lucile	278366496	$298.00 	2022-06-07	1	Elreab6S47
202	Insecta	Bermuda Triangle	Eleanor of Acquitaine	PharoTek	Chilopoda Fenestellidae Chilean Alvan Laramie	55120319	$167.26 	2022-03-07	1	5a21h1ko03
203	Insecta	DVD Bounce	Charlemagne	Darwin	Nozi Heterosiphonales Holochoanoida Camelidae	07821701191760-	$0.33 	2022-01-15	1	-D0n61w78i
204	Insecta	Spaghetti	Colonel Sanders	Garnet	Cocama Heteropidae Ichthyomorpha	197231	$38.06 	2021-07-13	6	r1n12e397G
205	Insecta	Spaghetti	Colonel Sanders	Garnet	Cocama Heteropidae Ichthyomorpha	197231	$40.06 	2021-07-13	6	r1n12e397G
206	Insecta	Spaghetti	Colonel Sanders	Garnet	Cocama Heteropidae Ichthyomorpha	197231	$40.06 	2021-07-13	6	r1n12e397G
207	Insecta	Spaghetti	Colonel Sanders	Garnet	Cocama Heteropidae Ichthyomorpha	197231	$32.06 	2021-07-13	6	r1n12e397G
208	Insecta	Spaghetti	Colonel Sanders	Garnet	Cocama Heteropidae Ichthyomorpha	197231	$34.06 	2021-07-13	6	r1n12e397G
209	Insecta	Spaghetti	Colonel Sanders	Garnet	Cocama Heteropidae Ichthyomorpha	197231	$38.06 	2021-07-13	6	r1n12e397G
210	Teucrian	Pursuit Partners	Dick Wolff	OrderAxion	Constantinopolitan Ammonitoidea	96213	$220.00 	2022-09-10	1	1Ood3rx2ni
211	Bdelloura	U2	K2	Perfect Square	Lamiidae Hymenaic Livistona	40R5W83063	$1.53 	2020-09-24	2	f0Wrue8a53
212	Bdelloura	U2	K2	Perfect Square	Lamiidae Hymenaic Livistona	40R5W83063	$1.53 	2020-09-24	2	f0Wrue8a53
213	Dianil	DVD Bounce	Charlemagne	Martian Colony	Werner Redemptine Rapaces Edwardeanism	70226	$14.99 	2022-01-17	1	6iCMol2y7n
214	Insecta	Bermuda Triangle	Eleanor of Acquitaine	Fluss	Ulophocinae Lutayo Inigo	0011696RP02	$1,990.00 	2022-01-24	1	9s1PR0F16u
215	Insecta	Terrier Networks	Elastigirl	PharoTek	Amidism Paduanism Sammy Caretta	87894566	$0.26 	2021-07-11	2	9eo68raT8P
216	Insecta	Terrier Networks	Elastigirl	PharoTek	Amidism Paduanism Sammy Caretta	87894566	$130.39 	2021-07-13	2	9eo68raT8P
217	Aglaos	General Coelecanth Nativity	San Pelegrino	PharoTek	Scleroparei Beryx Cephalodiscida Olynthus Flagellariaceae	7B5AH-PHH-W9	$447.20 	2022-06-09	1	H-hP79P5T-
218	Insecta	Terrier Networks	Elastigirl	Genomicon	Apache Crenothrix Isomyaria (Ap)	5781124	$18.95 	2021-07-13	1	2c518emo1n
219	Insecta	SQL Answers	Jonah J. Jameson	Ear Throw	Swinburnian Israelitic Limulus	02-5998O16	$950.10 	2022-02-07	1	o1r8a25-r9
220	Insecta	Bermuda Triangle	Eleanor of Acquitaine	Prescription Tees	Charles Ephemeroptera Caprimulgiformes	8361106305	$0.00 	2022-01-24	1	o3cr1831T0
221	Insecta	Undertow Tech	Joey Bosa	Perfect Square	Quakerishly Harvardian	0070-513403C53O1	$18.25 	2022-02-04	1	5C-eefOe3q
222	Byzantinize Tamaroa	Moccasin	Daniel LaRusso	Perfect Square	Annulata Ribhus Cordaitales & Raphidodea	07060R132W	$13.39 	2021-04-03	3	e02SP16eR7
223	Byzantinize Tamaroa	Moccasin	Daniel LaRusso	Perfect Square	Annulata Ribhus Cordaitales & Raphidodea	07060R132W	$23.31 	2021-04-05	3	e02SP16eR7
224	Byzantinize Tamaroa	Moccasin	Daniel LaRusso	Perfect Square	Annulata Ribhus Cordaitales & Raphidodea	07060R132W	$23.31 	2021-04-05	3	e02SP16eR7
225	Dianil	Pursuit Partners	Dick Wolff	Bloodmor	Lepismidae Montmorency Coprinae	591635	$0.70 	2022-09-12	1	59mBooo5rd
226	Insecta	Cloud Atlas	Steve Rogers	PharoTek	Oliver Icacinaceae	88334919	$756.00 	2020-10-03	1	k8Th1eP8o3
227	Teucrian	Pursuit Partners	Dick Wolff	SW Walker	Wezen Wessexman	8037153001	$478.37 	2022-09-12	1	W103ka75r1
228	Insecta	Undertow Tech	Joey Bosa	Fluss	Graptolithina	223557PR4	$0.00 	2022-02-06	1	5Rs3sF7P24
229	Teucrian	Pursuit Partners	Dick Wolff	Mettle Tester	Barbarea Williamsonia	913978	$33.51 	2022-09-12	1	9lt1r7t83s
230	Teucrian	Pursuit Partners	Dick Wolff	Mettle Tester	Wernerian Olax Broussonetia Galenical	118814	$0.14 	2022-09-12	1	MTt118stt4
231	Byzantinize Tamaroa	Moccasin	Daniel LaRusso	Prescription Tees	Carborundum Acmaea Torgot	70624	$25.00 	2021-04-04	1	rrops642Tc
232	Insecta	Undertow Tech	Joey Bosa	Perfect Square	Rhinopteridae Sodomite Baloskion	00100424O3C7	$79.00 	2022-02-06	1	Cr4e3OSfe4
233	Tarahumar - Siphonariidae & Elephantopus	LaTeX	Michael Scott	Martian Colony	Xenophora Pincian Leonora	47124	$148.00 	2022-10-05	1	MyCnlat4o2
234	Teucrian	Pursuit Partners	Dick Wolff	The Undead	Aetian	-20O40DR0550	$1,999.00 	2022-09-12	1	eeT5020dDR
235	Antiochian Cocle	Bermuda Triangle	Eleanor of Acquitaine	GhostGlass	Anabaptistically	743841	$73.82 	2022-03-04	2	a831olth4s
236	Antiochian Cocle	Bermuda Triangle	Eleanor of Acquitaine	GhostGlass	Anabaptistically	743841	$0.00 	2022-03-02	2	a831olth4s
237	Antiochian Cocle	General Coelecanth Nativity	San Pelegrino	Redundant Accessories	Banda	792540S	$850.00 	2021-11-05	1	oc9ArteRn4
238	Thesmophoric Samnani	LaTeX	Michael Scott	PharoTek	Singspiel Cajun Anneslia	8823-G00252C5	$1,102.40 	2022-01-21	1	kr02eaG0oT
239	Insecta	Galaxy	Nanny Ogden	PharoTek	Cocos Fathometer & Forsythia Caledonia Islamization	60788426	$15.95 	2022-10-12	1	0r64P7Tako
240	Insecta	Cloud Atlas	Steve Rogers	PharoTek	Integropalliata Petalostemon Iriartea	MKF-QG-NLRA5	$155.20 	2020-10-05	1	FM-NaRAeQL
241	Antiochian Cocle	Paperclip Maximizer	Peppermint Patty	2D Limit	Abdiel Uaupe Lorrainer	7643120182	$28.00 	2022-02-13	1	7mi32iD210
242	Tappertitian	LaTeX	Michael Scott	Fluss	Pseudococcus Tingitidae Wagweno	0R235P720	$25.03 	2022-01-24	1	P0R2uls2Fs
243	Insecta	Bermuda Triangle	Eleanor of Acquitaine	GhostGlass	Hamidian	374381	$28.95 	2022-01-24	1	sshGsa3G18
244	Byzantinize Tamaroa	Moccasin	Daniel LaRusso	2D Limit	Campanulariae Bobadilian Bankalachi	2035956221	$190.31 	2021-06-10	1	t12D3mi22i
245	Tarahumar - Siphonariidae & Elephantopus	LaTeX	Michael Scott	Ear Throw	Schopenhauerian Cidaroida Oniscoidea Spirosoma	90181675	$177.90 	2022-01-20	1	aho679T8r1
246	Insecta	SQL Answers	Jonah J. Jameson	Just	Baxterian Carapacho	20333910	$125.98 	2022-06-09	1	t03391su3J
247	Antiochian Cocle	Bermuda Triangle	Eleanor of Acquitaine	Infrastructural Necessity	Elohistic Niobean Bardulph	35904	$122.50 	2022-01-24	1	ss5atectfa
248	Insecta	Bermuda Triangle	Eleanor of Acquitaine	PharoTek	174 Plesianthropus Grundified Chaucerian	-A3-HJXD35PG	$869.08 	2022-05-09	1	h-GArXToeH
249	Dianil	PanGalactic GargleBlasters	Ricky Gervaise	JPG	Narciss Redunca Sapotaceae Idaic	27708162	$1.79 	2022-05-11	9	1J87202G7P
250	Dianil	PanGalactic GargleBlasters	Ricky Gervaise	JPG	Narciss Redunca Sapotaceae Idaic	27708162	$1.79 	2022-05-13	9	1J87202G7P
251	Dianil	PanGalactic GargleBlasters	Ricky Gervaise	JPG	Narciss Redunca Sapotaceae Idaic	27708162	$1.79 	2022-05-13	9	1J87202G7P
252	Dianil	PanGalactic GargleBlasters	Ricky Gervaise	JPG	Narciss Redunca Sapotaceae Idaic	27708162	$1.79 	2022-05-11	9	1J87202G7P
253	Dianil	PanGalactic GargleBlasters	Ricky Gervaise	JPG	Narciss Redunca Sapotaceae Idaic	27708162	$1.79 	2022-05-13	9	1J87202G7P
254	Dianil	PanGalactic GargleBlasters	Ricky Gervaise	JPG	Narciss Redunca Sapotaceae Idaic	27708162	$0.01 	2022-05-13	9	1J87202G7P
255	Dianil	PanGalactic GargleBlasters	Ricky Gervaise	JPG	Narciss Redunca Sapotaceae Idaic	27708162	$1.79 	2022-05-13	9	1J87202G7P
256	Dianil	PanGalactic GargleBlasters	Ricky Gervaise	JPG	Narciss Redunca Sapotaceae Idaic	27708162	$0.01 	2022-05-13	9	1J87202G7P
257	Dianil	PanGalactic GargleBlasters	Ricky Gervaise	JPG	Narciss Redunca Sapotaceae Idaic	27708162	$1.79 	2022-05-13	9	1J87202G7P
258	Insecta	Undertow Tech	Joey Bosa	Fluss	Graptolithina	9P2603R39	$0.00 	2022-02-06	1	0393PF2u96
259	Aglaos	Pursuit Partners	Dick Wolff	Bloodmor	Root -- Hutchinsonian Ubiquitism Chorioptes	724976	$0.35 	2022-09-10	1	9774d2l6oo
260	Antiochian Cocle	The Weather Channel	Gary Fern	Perfect Square	Lucinacea Chiococca	304AO6033003	$15.45 	2021-06-01	1	O30u0ect63
261	Thesmophoric Samnani	LaTeX	Michael Scott	Physics Portmanteau	Roderic Carlylian Crocodylidae	M028C301	$86.87 	2022-01-21	1	m0Mar0suo2
262	Insecta	Terrier Networks	Elastigirl	Archery	Sirione Scolopendridae Cordia Levana	560C40B	$55.40 	2021-07-13	1	0eCcrhyr60
263	Insecta	Treasure Planet	Sean Bean	Allefluss	Syngnathus Capernaitic	612076	$60.45 	2022-10-13	1	lfu670l2es
264	Insecta	Terrier Networks	Elastigirl	PharoTek	Algores Frenchman Coprosma Uropsilus	47833927	$0.14 	2021-07-13	5	e927P383ko
265	Insecta	Terrier Networks	Elastigirl	PharoTek	Algores Frenchman Coprosma Uropsilus	47833927	$0.14 	2021-07-13	5	e927P383ko
266	Insecta	Terrier Networks	Elastigirl	PharoTek	Algores Frenchman Coprosma Uropsilus	47833927	$0.14 	2021-07-13	5	e927P383ko
267	Insecta	Terrier Networks	Elastigirl	PharoTek	Algores Frenchman Coprosma Uropsilus	47833927	$0.14 	2021-07-13	5	e927P383ko
268	Insecta	Terrier Networks	Elastigirl	PharoTek	Algores Frenchman Coprosma Uropsilus	47833927	$0.14 	2021-07-13	5	e927P383ko
269	Insecta	Undertow Tech	Joey Bosa	Perfect Square	Quakerishly Harvardian	00007070O44C173-	$18.25 	2022-02-06	1	03a0401e-P
270	Insecta	SQL Answers	Jonah J. Jameson	Rainbow	Ossianesque Izchak Tyrolean	2-L82001 435003087-131T51N98082	$71.95 	2022-02-07	1	102-2803T1
271	Tarahumar - Siphonariidae & Elephantopus	LaTeX	Michael Scott	Archery	Baianism Leisten	0A8B025	$41.00 	2022-01-21	2	0r5Aeh8yB2
272	Tarahumar - Siphonariidae & Elephantopus	LaTeX	Michael Scott	Archery	Baianism Leisten	0A8B025	$83.65 	2022-01-21	2	0r5Aeh8yB2
273	Beni Osirify	Paperclip Maximizer	Peppermint Patty	2D Limit	Heterodonta Icosteus	728262166	$2,711.97 	2022-01-21	1	t182i6m622
274	Aglaos	Emphatic Comms	David Guerra	PharoTek	Alectoris Litorina Sadie	S000T9614IA-4L	$0.57 	2021-04-12	1	e1PT9IA4To
275	Insecta	SQL Answers	Jonah J. Jameson	Countertop Comms	Stratiotes Urginea Irvingite	6544649	$2,359.45 	2022-06-09	1	5o69oeptut
276	Insecta	Bermuda Triangle	Eleanor of Acquitaine	Darwin	Rupert Osnaburg Felis	-11146100005162	$109.78 	2022-01-24	2	0164w2r001
277	Insecta	Bermuda Triangle	Eleanor of Acquitaine	Darwin	Rupert Osnaburg Felis	-11146100005162	$3.49 	2022-01-24	2	0164w2r001
278	Insecta	SQL Answers	Jonah J. Jameson	Latinate Cyrillica	Axonopus Utopian Pleurobrachia	8105116	$2,064.20 	2022-02-07	1	1a1tllaCr8
279	Aglaos	Emphatic Comms	David Guerra	PharoTek	Wernerian Enajim	4LS08T75A64I3-	$0.15 	2021-04-12	1	a3eohkIA6r
280	Teucrian	Cloud Atlas	Steve Rogers	Countertop Comms	Whilkut Suecism Chamaedaphne	3883179	$446.32 	2020-12-06	1	98tm87Copo
281	Xenophonic	SQL Answers	Jonah J. Jameson	Mettle Tester	Crypteroniaceae Cryptocleidus	84042	$30.41 	2022-02-06	1	2elee8st40
282	Dianil	Water Cycle	J.D. Salinger	Meditative Horse	Fulica Lutheranize	72L3706781561-17324--1A17	$11,430.86 	2020-10-07	1	a-6s-71L30
283	Insecta	Undertow Tech	Joey Bosa	Fluss	Randallite Caph	67P0R4100	$443.33 	2022-02-05	1	l10usF00Ps
284	Insecta	Undertow Tech	Joey Bosa	GhostGlass	Vespidae Ottomanize Apotactic Incan	214037	$25.00 	2022-02-06	1	7aGGtls21s
285	Antiochian Cocle	Paperclip Maximizer	Peppermint Patty	Rainbow	Himyaritic Wesleyism Iphis	2749183949206328	$119.98 	2022-02-14	1	a6842R3o39
286	Insecta	Terrier Networks	Elastigirl	Genomicon	Apache Crenothrix Isomyaria (Ap)	2945231	$27.55 	2021-07-13	1	nce3m15noi
287	Tarahumar - Siphonariidae & Elephantopus	LaTeX	Michael Scott	StickOut	Timalia Coleoptera & Ritchey Liguliflorae	u2Ia004jP00I0n2	$10.94 	2022-01-21	1	20OuInt0ui
288	Teucrian	Pursuit Partners	Dick Wolff	Martian Colony	Masarididae	48198	$3.99 	2022-09-12	1	MnaolC489r
289	Insecta	Terrier Networks	Elastigirl	Wood Join	Sirione Scolopendridae Cordia Levana	290450063	$10.27 	2021-07-11	1	do62JonW45
290	Insecta	SQL Answers	Jonah J. Jameson	PharoTek	Hispanize Irelander	18589052	$380.70 	2022-02-06	1	r91aeP82ho
291	Insecta	Cloud Atlas	Steve Rogers	Impetus	Izzy Cycadofilices	09182304-9000	$2,500.00 	2021-01-04	1	0Isp90-et9
292	Byzantinize Tamaroa	DotEaters	The Wright Brothers	Physics Portmanteau	Platanaceae Orleanist Lezghian	2CM02808	$316.24 	2020-09-28	1	22t0nt8hie
293	Tarahumar - Siphonariidae & Elephantopus	LaTeX	Michael Scott	Martian Colony	Tartarology	11401	$14.99 	2022-01-19	1	C1ioo0Mn1t
294	Dianil	Undertow Tech	Joey Bosa	Mettle Tester	Zealander Slavism Laplacian Indicatorinae	985572	$30.53 	2022-03-09	1	te8et5e7re
295	Insecta	Terrier Networks	Elastigirl	Wood Join	Sirione Scolopendridae Cordia Levana	301067002	$25.00 	2021-07-13	1	2i0J6d0n07
296	Insecta	Terrier Networks	Elastigirl	PharoTek	Amidism Paduanism Sammy Caretta	C90005148	$474.61 	2021-07-13	1	8ke0905Ph1
297	Byzantinize Tamaroa	Moccasin	Daniel LaRusso	Perfect Square	Warri Forcipulata	R7403W8500	$3.02 	2021-04-05	2	c080eeW5ef
298	Byzantinize Tamaroa	Moccasin	Daniel LaRusso	Perfect Square	Warri Forcipulata	R7403W8500	$21.61 	2021-04-05	2	c080eeW5ef
299	Teucrian	Pursuit Partners	Dick Wolff	AusYouth	Franklinization Leitneriales	118039	$2,226.58 	2022-09-12	1	u1sYAhu308
300	Insecta	PanGalactic GargleBlasters	Ricky Gervaise	FaceSpace	Wangoni	60uA43U00010n2AAJ0	$23.08 	2022-10-10	1	0A00FSc60A
301	Insecta	Undertow Tech	Joey Bosa	GhostGlass	Vespidae Ottomanize Apotactic Incan	242401	$20.00 	2022-02-05	1	120GGtlsso
302	Teucrian	Pursuit Partners	Dick Wolff	Rainbow	Tocharic & Warren Maja Icaria	1931661621158709	$189.97 	2022-09-12	1	ib7896a5w6
303	Dianil	PanGalactic GargleBlasters	Ricky Gervaise	Fluss	Lezghian Megalania Sinic	271030190	$4,241.65 	2022-04-15	1	21s01F090s
304	Antiochian Cocle	The Weather Channel	Gary Fern	Perfect Square	360Insights	03O30201887A	$0.00 	2021-06-01	1	8ree300OfP
305	Dianil	The Weather Channel	Gary Fern	Zendaya	Calas Nemertina Idiosepiidae	1933938	$3,550.00 	2022-04-27	1	91an3383yd
306	Aglaos	Cloud Atlas	Steve Rogers	Genomicon	Iphis	7081134	$834.10 	2020-10-05	1	41mco871on
307	Dianil	DVD Bounce	Charlemagne	Martian Colony	Werner Redemptine Rapaces Edwardeanism	32012	$24.00 	2022-01-18	1	aM3irCyn12
308	Insecta	Undertow Tech	Joey Bosa	GhostGlass	Vespidae Ottomanize Apotactic Incan	212405	$200.00 	2022-02-06	1	s2GstG21so
309	Insecta	SQL Answers	Jonah J. Jameson	PharoTek	Misniac Mincopi Nordicity	05-22C9004G82	$1,842.75 	2022-02-07	1	220rP2-5Ck
310	Antiochian Cocle	The Weather Channel	Gary Fern	Perfect Square	Lucinacea Chiococca	309O2709A340	$15.45 	2021-06-01	1	rt94ec2qeu
311	Insecta	Treasure Planet	Sean Bean	Physics Portmanteau	Onagra Islamistic Itylus	3593M8B0	$6,890.00 	2022-10-13	1	tcBts9mn8s
312	Antiochian Cocle	Undertow Tech	Joey Bosa	Country Music Channel	William	5335347	$20.00 	2022-02-06	1	3tu5ui7n4C
313	Byzantinize Tamaroa	Moccasin	Daniel LaRusso	PharoTek	Jicaque & Anastatica	CAH52R--9CY5	$136.58 	2021-04-05	1	CT92Y-raH-
314	Insecta	Undertow Tech	Joey Bosa	PharoTek	Simosaurus Cryptomonadales Siluridae	06958082	$1.78 	2022-02-06	1	P20T98r6ho
315	Teucrian	Pursuit Partners	Dick Wolff	Rainbow	Wernerian Olax Broussonetia Galenical	0600320183718455	$149.97 	2022-09-12	1	50a27oi610
316	Insecta	Undertow Tech	Joey Bosa	GhostGlass	Vespidae Ottomanize Apotactic Incan	343603	$200.00 	2022-02-06	1	a64stGs3l0
317	Teucrian	Pursuit Partners	Dick Wolff	Mettle Tester	Girgasite Pontocaspian	971444	$40.00 	2022-09-12	1	41sttTeMre
318	Teucrian	Pursuit Partners	Dick Wolff	Mettle Tester	Acadie Dorine Sassenach	648830	$144.99 	2022-09-12	1	6MTteee8sl
319	Insecta	Undertow Tech	Joey Bosa	Fluss	Graptolithina	4RP524011	$1.50 	2022-02-06	1	2sFlR401P1
320	Antiochian Cocle	Pursuit Partners	Dick Wolff	AusYouth	Clerodendron	861-918661235	$5.10 	2022-10-11	1	8s85uuhY16
321	Insecta	SQL Answers	Jonah J. Jameson	Mettle Tester	Baxterian Carapacho	922777-8643	$9.45 	2022-02-07	1	6ee-l2r9T8
322	Insecta	SQL Answers	Jonah J. Jameson	Wood Join	Occidentalization Olaf Cratinean Marshall	12247	$143.00 	2022-02-07	2	7oi4W2ndoo
323	Insecta	SQL Answers	Jonah J. Jameson	Wood Join	Occidentalization Olaf Cratinean Marshall	12247	$60.00 	2022-02-07	2	7oi4W2ndoo
324	Byzantinize Tamaroa	Moccasin	Referral TMZ	Yearwood Talk	Hexanchus Scotchiness	41I4TN-55	$21.38 	2022-05-04	1	a4NIY5-5T1
325	Insecta	SQL Answers	Jonah J. Jameson	2D Limit	Juncaceae Landsturm Physalis	324079746	$393.00 	2022-02-07	1	9ii670D247
326	Xenophonic	SQL Answers	Jonah J. Jameson	Mettle Tester	Kalmarian Rhinanthus Catharist	66382	$37.99 	2022-02-06	3	Tt2lt6t6ee
327	Xenophonic	SQL Answers	Jonah J. Jameson	Mettle Tester	Kalmarian Rhinanthus Catharist	66382	$25.99 	2022-02-06	3	Tt2lt6t6ee
328	Xenophonic	SQL Answers	Jonah J. Jameson	Mettle Tester	Kalmarian Rhinanthus Catharist	66382	$35.00 	2022-02-06	3	Tt2lt6t6ee
329	Antiochian Cocle	Paperclip Maximizer	Peppermint Patty	The Undead	Abdiel Uaupe Lorrainer	50-8799O8RD6	$686.14 	2022-02-14	1	h8d-DRT0ea
330	Teucrian	Cloud Atlas	Steve Rogers	Dumb Head	Filices Dipala	2531407	$140.00 	2020-10-05	1	5Dum7014dH
331	Tarahumar - Siphonariidae & Elephantopus	LaTeX	Michael Scott	Genomicon	Singspiel Cajun Anneslia	1991255	$1,600.00 	2022-01-21	1	259oeonmin
332	Insecta	DVD Bounce	Charlemagne	Darwin	Nozi Heterosiphonales Holochoanoida Camelidae	870-12071701161	$11.64 	2022-01-15	1	6011D7w-01
333	Tarahumar - Siphonariidae & Elephantopus	LaTeX	Michael Scott	Glycerine	Melianthus Istiophoridae Ijore	506029	$459.17 	2022-01-19	1	ny96lic2e0
334	Insecta	Undertow Tech	Joey Bosa	Fluss	Randallite Caph	0R4P89000	$4.25 	2022-02-06	1	0s00Rlu84F
335	Insecta	Undertow Tech	Joey Bosa	GhostGlass	Vespidae Ottomanize Apotactic Incan	373340	$75.00 	2022-02-06	1	hl4GstsGo7
336	Insecta	Terrier Networks	Elastigirl	PharoTek	Amidism Paduanism Sammy Caretta	62C248406	($0.10)	2021-07-12	1	6Ca2P0re46
337	Insecta	Bermuda Triangle	Eleanor of Acquitaine	Wood Join	Hamidian	05330	$90.00 	2022-01-24	1	o30nodoJ3W
338	Insecta	Bermuda Triangle	Eleanor of Acquitaine	Rainbow	Galidia	408 8884862-2484T9004C1W1	$169.98 	2022-01-23	1	a82R46o04-
339	Insecta	Cloud Atlas	Steve Rogers	PharoTek	Fissurella Igorot	CFPVB5RG-AM-	$3,654.40 	2020-10-05	1	5o-R-PCkMa
340	Insecta	SQL Answers	Jonah J. Jameson	PharoTek	Sphacelariales Mithraist Lymnaea	CK-BAPKFDY5-	$374.16 	2022-02-07	1	-kPTAaKoDP
341	Teucrian	Pursuit Partners	Dick Wolff	Rainbow	Orphical Ludwig	6838271941001326	$409.00 	2022-09-12	1	80in9a3b84
342	Antiochian Cocle	The Weather Channel	Gary Fern	Perfect Square	360Insights	353954005AO	$0.00 	2022-01-06	1	5e53qe0f9r
343	Tarahumar - Siphonariidae & Elephantopus	LaTeX	Michael Scott	GhostGlass	Timonist Irvingesque Indies	132071	$37.70 	2022-10-05	1	7G0hsls132
344	Insecta	SQL Answers	Jonah J. Jameson	PharoTek	Microsporon Gordon Ikhwan	98685990	$296.80 	2022-02-07	2	T6088P95ak
345	Insecta	SQL Answers	Jonah J. Jameson	PharoTek	Microsporon Gordon Ikhwan	98685990	$393.00 	2022-02-07	2	T6088P95ak
346	Newari	Bermuda Triangle	Eleanor of Acquitaine	SW Walker	Novatianism Thylacoleo Ikhwan	861464026	$135.00 	2022-03-09	1	6el41WW64S
347	Insecta	Undertow Tech	Joey Bosa	Fluss	Graptolithina	0P3960R24	$30.00 	2022-02-06	1	s6us043RPF
348	Thesmophoric Samnani	LaTeX	Michael Scott	Fluss	Methodistic Cardanic Isidae Iguanodontidae	7670082	$27.56 	2022-01-21	1	8F7u07s60s
349	Dianil	DVD Bounce	Charlemagne	Martian Colony	Werner Redemptine Rapaces Edwardeanism	32151	$9.99 	2022-01-18	1	M31r2aoloa
350	Teucrian	Pursuit Partners	Dick Wolff	Jargon	Feste Volans Orias Cercocebus Ohioan Imantophyllum	229144463	($5.00)	2022-09-12	1	4a642r3J9g
351	Byzantinize Tamaroa	Moccasin	Daniel LaRusso	Perfect Square	Mongol Mesoenatides Chimalapa & Newari	6R404W3009	$0.50 	2021-04-05	1	ra3q0cferP
352	Insecta	Undertow Tech	Joey Bosa	GhostGlass	Vespidae Ottomanize Apotactic Incan	462407	$20.00 	2022-02-04	1	h7Ga424stl
353	Teucrian	Healthy Relationships	Amadeus Ketchup	PharoTek	Ptolemaism William	89111842	$9.58 	2021-05-07	1	e18ha8k1o9
354	Dianil	DVD Bounce	Charlemagne	Martian Colony	Werner Redemptine Rapaces Edwardeanism	19344	$16.00 	2022-02-08	1	r3n4too4aC
355	Insecta	Undertow Tech	Joey Bosa	Perfect Square	Hyla Hephaestian	2060040AO930	$1.00 	2022-02-06	1	Oc04eu9e03
356	Dianil	PanGalactic GargleBlasters	Ricky Gervaise	SW Walker	Drosophila Culicidae & Welshy	304066860	$120.00 	2022-06-12	1	40e0krW606
357	Insecta	DVD Bounce	Charlemagne	Darwin	Nozi Heterosiphonales Holochoanoida Camelidae	-16101927018871	$23.28 	2022-01-14	1	i877a2D116
358	Dianil	General Coelecanth Nativity	San Pelegrino	NASA	Oresteia Quaker	H0695O3CMC1I0 -OXK L	$42.86 	2022-10-12	2	SAACO3-MO9
359	Dianil	General Coelecanth Nativity	San Pelegrino	NASA	Oresteia Quaker	H0695O3CMC1I0 -OXK L	$300.00 	2022-10-12	2	SAACO3-MO9
360	Insecta	Undertow Tech	Joey Bosa	GhostGlass	Vespidae Ottomanize Apotactic Incan	370487	$71.00 	2022-02-06	1	ahs3GG7oss
361	Insecta	SQL Answers	Jonah J. Jameson	Mettle Tester	Baxterian Carapacho	18015295267-1	$60.78 	2022-02-07	1	Tt8eet5lr1
362	Insecta	Terrier Networks	Elastigirl	PharoTek	Robinia Ucal	91918514C	$74.48 	2021-07-11	1	8a4rTh1e91
363	Antiochian Cocle	Undertow Tech	Joey Bosa	Country Music Channel	William	9275843	$20.00 	2022-08-05	1	2rs4nuyCil
364	Insecta	SQL Answers	Jonah J. Jameson	PharoTek	Gadaria Italianization	062336	$5,985.28 	2022-02-07	1	T66r2a33eh
365	Xenophonic	SQL Answers	Jonah J. Jameson	Mettle Tester	Binitarianism (Kool Stagger	35642	$29.66 	2022-02-06	1	tl3eTe2re4
366	Teucrian	Pursuit Partners	Dick Wolff	Physics Portmanteau	Phocoena Curiatii	673344	$2,724.75 	2022-09-12	1	tt43iua3cn
367	Insecta	General Coelecanth Nativity	San Pelegrino	SW Walker	Banda	5901659715	$770.00 	2021-11-05	1	5e19l07S5W
368	Dianil	General Coelecanth Nativity	San Pelegrino	Impetus	Paradiseinae & Gregorianize	030490306000-	$1,610.00 	2022-01-10	1	30u000ts0I
369	Insecta	DVD Bounce	Charlemagne	Darwin	Nozi Heterosiphonales Holochoanoida Camelidae	870127-16171304	$11.64 	2022-01-15	1	7617raiw31
370	Insecta	Terrier Networks	Elastigirl	Countertop Comms	Caesar Pleuroceridae	2793470	$177.26 	2021-07-13	1	4tmoCo7C09
371	Insecta	Treasure Planet	Sean Bean	Ear Throw	Malayoid Chalina	27-5O62441	$72.21 	2022-10-13	1	hoT2Er4576
372	Thesmophoric Samnani	LaTeX	Michael Scott	Fluss	Streptococcus Ilya Choco Locustidae	8731607	$191.03 	2022-01-20	1	s701l3F8su
373	Insecta	SQL Answers	Jonah J. Jameson	Unlikely Story	Forestiera Charadrius Idaic	3-100219327	$75.00 	2022-02-07	1	r1U01-leny
374	Tarahumar - Siphonariidae & Elephantopus	LaTeX	Michael Scott	Martian Colony	Tagalo Porphyrianist Heliogabalize	14776	$108.00 	2022-01-21	1	Coan7olira
375	Beni Osirify	SQL Answers	Jonah J. Jameson	KPop	Habenaria Hunnic	22239	$0.75 	2022-02-08	1	3P9K2p2o2
376	Teucrian	Pursuit Partners	Dick Wolff	Mettle Tester	Thapsia Wenchowese Carthaginian	828347	$113.95 	2022-09-12	1	teet23e784
377	Tappertitian	LaTeX	Michael Scott	Fluss	Bessera Pieter	63R137066P	$470.54 	2022-01-24	1	6FlR376301
378	Insecta	Undertow Tech	Joey Bosa	GhostGlass	Vespidae Ottomanize Apotactic Incan	449102	$25.00 	2022-02-06	1	91GshstGs2
379	Tarahumar - Siphonariidae & Elephantopus	LaTeX	Michael Scott	Martian Colony	Tartarology	74453	$14.99 	2022-07-12	1	MCatnnro45
380	Insecta	DVD Bounce	Charlemagne	Darwin	Horatio Entomophaga Leonardesque	21860605701-010	$26.91 	2022-01-15	1	166w25008D
381	Antiochian Cocle	Undertow Tech	Joey Bosa	Country Music Channel	William	9792631	$20.00 	2022-02-06	1	2luMyonsCr
382	Byzantinize Tamaroa	Moccasin	Daniel LaRusso	Unlikely Story	Wyomingite & Washingtonian Leuckartia	41602303-26	$700.00 	2021-04-05	1	l102i63-lt
383	Insecta	SQL Answers	Jonah J. Jameson	Countertop Comms	Sphacelariales Mithraist Lymnaea	4098319	$8.34 	2022-10-09	1	oC041smmtn
384	Aglaos	Emphatic Comms	David Guerra	GhostGlass	Sciadopitys Whistonian Chilostoma	423985	$102.00 	2021-08-04	1	l29o5sG3s8
385	Dianil	DVD Bounce	Charlemagne	Martian Colony	Werner Redemptine Rapaces Edwardeanism	20832	$2.42 	2022-10-11	1	r0ao83Coyn
386	Insecta	Bermuda Triangle	Eleanor of Acquitaine	GhostGlass	Katharina Russophilism Lucile	836359	$41.45 	2022-01-23	1	ah3lss38o6
387	Tarahumar - Siphonariidae & Elephantopus	LaTeX	Michael Scott	Skynet	Baianism Leisten	2974	$49.95 	2022-01-20	1	ny2t4k97Se
388	Teucrian	Pursuit Partners	Dick Wolff	Country Music Channel	Palaeocene Panamanian Amia Suaeda Irisher	8976R401	$414.99 	2022-09-12	1	t9lo1niyrC
389	Antiochian Cocle	U2 New	K22	Ablative Company	Hysterophyta Epicarides Cephalacanthidae Iguanidae	05004730500	$90.00 	2022-03-01	1	4ty5l0v0m0
390	Insecta	General Coelecanth Nativity	San Pelegrino	SW Walker	Banda	77913473	$892.50 	2022-08-05	1	3l3SWr7e41
391	Insecta	Undertow Tech	Joey Bosa	Perfect Square	Witumki Molluginaceae	0090O9A9520	$5.00 	2022-02-06	1	rAfr9e9O0c
392	Antiochian Cocle	Undertow Tech	Joey Bosa	Country Music Channel	William	5732996	$20.00 	2022-02-06	1	7uu3M5CnaC
393	Insecta	SQL Answers	Jonah J. Jameson	Fission	Malva Mordvinian Ibadite	MoHo ebMttCses urnosrcWti	$39.90 	2022-02-05	1	HnWtsintCo
394	Insecta	General Coelecanth Nativity	San Pelegrino	Perfect Square	Baluba Americophobe Muscidae	9CO021220730	$10.00 	2022-03-05	1	ter201S93O
395	Antiochian Cocle	Undertow Tech	Joey Bosa	Country Music Channel	Lampong Alibamu Agade Lois	4703713	$224.00 	2022-02-06	1	n3aocCuy07
396	Insecta	SQL Answers	Jonah J. Jameson	Dumb Head	Baxterian Carapacho	1009157	$54.00 	2022-02-07	1	9Dum51H07a
397	Insecta	Undertow Tech	Joey Bosa	Fluss	Graptolithina	1P10R5297	$0.00 	2022-02-06	1	s1R519s2ul
398	Aglaos	General Coelecanth Nativity	San Pelegrino	Garnet	Cetid Leiotrichinae	667231	($5.00)	2021-11-05	1	e73at1n662
399	Xenophonic	SQL Answers	Jonah J. Jameson	Mettle Tester	Wappato Calvary Stuartia	48893	$24.45 	2022-02-06	1	8Mletes34t
400	Insecta	PanGalactic GargleBlasters	Ricky Gervaise	Ear Throw	Bambos Neowashingtonia Alkoranic Inigo	8234481-O4	$197.85 	2022-04-13	1	-rErOowh8a
401	Antiochian Cocle	Undertow Tech	Joey Bosa	Country Music Channel	William	8827533	$20.00 	2022-02-06	1	8clMCo32ys
402	Insecta	SQL Answers	Jonah J. Jameson	PharoTek	Euskarian Charles Melcarth	-ZTLT5XA39F-	$2,387.30 	2022-02-07	1	hAPT-T35ZF
403	Teucrian	Pursuit Partners	Dick Wolff	OrderAxion	Dicynodontidae Minorcan Erpetoichthys	43247	$299.00 	2022-09-12	1	nOr74xe3A2
404	Insecta	DVD Bounce	Charlemagne	Darwin	Nozi Heterosiphonales Holochoanoida Camelidae	0113612671-6087	$11.64 	2022-01-14	1	i8a7D6r011
405	Teucrian	Carmina Burana LLC	Lisa Giaconda	Countertop Comms	Ulyssean Sphingurus Biham	0410566	$12.20 	2021-10-28	1	tto10450sp
406	Dianil	PanGalactic GargleBlasters	Ricky Gervaise	JPG	Cezannesque Choco Inkerman	71130502	$0.19 	2022-05-11	1	1J127G0503
407	Antiochian Cocle	U2	K2	Rainbow	Euglenales Cercidiphyllaceae Mara Darsonval	4050882634058184	$89.99 	2021-05-11	1	30w21Rina8
408	Insecta	SQL Answers	Jonah J. Jameson	Mettle Tester	Baxterian Carapacho	51752068-9861	$389.00 	2022-02-07	1	855e1sttl6
409	Insecta	Undertow Tech	Joey Bosa	GhostGlass	Vespidae Ottomanize Apotactic Incan	002340	$25.00 	2022-02-06	1	G0ss004Gt2
410	Antiochian Cocle	U2 New	K22	Perfect Square	Gramineae	420B151727840Q1	$16.00 	2022-03-01	1	0Pr417eSfu
411	Insecta	Undertow Tech	Joey Bosa	Darwin	Frenchwoman Anapterygota Knoxian & Sarcocystidea Lucia	1304130341776-1	$130.48 	2022-02-06	1	03w13D0in3
412	Insecta	SQL Answers	Jonah J. Jameson	Unlikely Story	Wodenism	104328-0330	$1,150.00 	2022-03-05	1	yk4330tS0-
413	Insecta	NGL Solutions	Bob Dole	Bear Country News	Attidae Chleuh Ulvaceae	O88C079B	$110.95 	2022-10-14	1	y9w0earB8O
414	Insecta	DVD Bounce	Charlemagne	Darwin	Nozi Heterosiphonales Holochoanoida Camelidae	825771-11040172	$13.09 	2022-01-15	1	5n-0wD8277
415	Antiochian Cocle	Undertow Tech	Joey Bosa	Country Music Channel	William	4770699	$20.00 	2022-02-05	1	u094lnohe7
416	Insecta	Undertow Tech	Joey Bosa	Fluss	Virbius Rupicapra Urtica Ilysanthes	PR5452279	$87.93 	2022-02-06	1	s2559uFl42
417	Insecta	Undertow Tech	Joey Bosa	Rainbow	Hyla Hephaestian	8N-02190L1315 -034051213901708T	$114.85 	2022-08-05	1	b1315iT20a
418	Insecta	Undertow Tech	Joey Bosa	Fluss	Graptolithina	9207P30R3	$25.00 	2022-02-06	1	lus70F0R93
419	Teucrian	Pursuit Partners	Dick Wolff	Countertop Comms	Koranist Froebelian Coleochaetaceae Umatilla	6294224	$263.98 	2022-09-12	1	92smpeC6C4
420	Teucrian	Pursuit Partners	Dick Wolff	LocalMax	Pedetinae Madelon	17147117432	$21.94 	2022-09-12	1	1ac2a4xM1L
421	Insecta	Undertow Tech	Joey Bosa	GhostGlass	Vespidae Ottomanize Apotactic Incan	345620	$205.00 	2022-02-06	1	hG0o32s5Gs
422	Insecta	DVD Bounce	Charlemagne	Darwin	Nozi Heterosiphonales Holochoanoida Camelidae	0211-9718170691	$204.00 	2022-01-15	1	w1r2-1i61D
423	Insecta	Bermuda Triangle	Eleanor of Acquitaine	GhostGlass	Inocarpus Endamoeba	789320	$36.45 	2022-01-24	1	0os8sl9a72
424	Insecta	DVD Bounce	Charlemagne	Darwin	Horatio Entomophaga Leonardesque	6110620080131-8	$153.75 	2022-01-15	1	6020D181i1
425	Insecta	Undertow Tech	Joey Bosa	Rainbow	Nazi Satyrinae Octavius Octacnemus Thargelion Alpine Graptolitha	082L1T-0141N181405503-40 8038825	$89.99 	2022-08-03	1	145n40i3aR
426	Dianil	Emphatic Comms	David Guerra	Jargon	Bitis Migonitis Aglaspis Duralumin Scorzonera	326134436	$57.95 	2021-04-10	4	4Ja1366gno
427	Dianil	Emphatic Comms	David Guerra	Jargon	Bitis Migonitis Aglaspis Duralumin Scorzonera	326134436	($15.00)	2021-04-12	4	4Ja1366gno
428	Dianil	Emphatic Comms	David Guerra	Jargon	Bitis Migonitis Aglaspis Duralumin Scorzonera	326134436	$45.95 	2021-04-12	4	4Ja1366gno
429	Dianil	Emphatic Comms	David Guerra	Jargon	Bitis Migonitis Aglaspis Duralumin Scorzonera	326134436	$39.95 	2021-04-12	4	4Ja1366gno
430	Insecta	SQL Answers	Jonah J. Jameson	Redundant Accessories	Sphacelariales Mithraist Lymnaea	34A652S2206-9	$1,800.00 	2022-02-07	1	atc965ndAi
431	Teucrian	Pursuit Partners	Dick Wolff	Infrastructural Necessity	Austerlitz Maimonidean Adoniad	72445	$36.75 	2022-09-12	1	cts2ycir4t
432	Teucrian	Galaxy	Nanny Ogden	Puttputt Audio	Salviniales	01654105	$225.00 	2022-10-12	1	d1t0Aitu50
433	Byzantinize Tamaroa	MoonMoth	Monica Lewinski	Physics Portmanteau	Oreas Turkologist	404413	$138.00 	2021-04-08	1	t3a0hyPati
434	Insecta	General Coelecanth Nativity	San Pelegrino	2D Limit	Nyaya Pedioecetes Iricism	422793714	$40.00 	2021-12-07	1	74D243im2t
435	Insecta	DVD Bounce	Charlemagne	Darwin	Nozi Heterosiphonales Holochoanoida Camelidae	1765-0210117891	$12.75 	2022-01-15	1	n-027a16r5
436	Insecta	Bermuda Triangle	Eleanor of Acquitaine	Prescription Tees	Anguinidae Capra	3710731004	$60.00 	2022-01-24	1	074e3c1tso
437	Antiochian Cocle	Pursuit Partners	Dick Wolff	OrderAxion	Romanity Phacops	5561	$1,399.00 	2022-09-12	1	1O6xAr5n5o
438	Tarahumar - Siphonariidae & Elephantopus	LaTeX	Michael Scott	Skynet	Murmi	82185	$74.95 	2022-08-09	1	kn51tySe82
439	Tarahumar - Siphonariidae & Elephantopus	LaTeX	Michael Scott	Martian Colony	Tagalo Porphyrianist Heliogabalize	35531	$128.85 	2022-01-21	1	5oC5i1raan
440	Insecta	Terrier Networks	Elastigirl	PharoTek	Amidism Paduanism Sammy Caretta	572488C04	$21.99 	2021-07-13	1	8P25h4oa8r
441	Tarahumar - Siphonariidae & Elephantopus	LaTeX	Michael Scott	StickOut	Eurygaea Echuca	2a0YBn01y0009tQ	$319.20 	2022-01-21	1	0y9auS0c0n
442	Insecta	Bermuda Triangle	Eleanor of Acquitaine	Fluss	Ural Sillaginidae Calchaquian Italianizer	P9131752R	$1.05 	2022-01-24	1	s9721u5lsR
443	Insecta	Undertow Tech	Joey Bosa	Rainbow	Zonaria Italianate	588 85T5-051372C00034835W	$64.99 	2022-08-05	1	5i2W38n780
444	Antiochian Cocle	The Weather Channel	Gary Fern	Meditative Horse	Todus	3-102-16932541572884	$14,007.75 	2022-10-10	1	H7182354r4
445	Teucrian	Pursuit Partners	Dick Wolff	Cable Cats	Alarodian Dabih Impatientaceae	DLA1	$1,092.00 	2022-09-12	1	CDlA1eaasL
446	Insecta	Undertow Tech	Joey Bosa	2D Limit	Wochua Mayo Ineri	7612112218	($1.16)	2022-02-06	1	2m711Di28i
447	Insecta	Bermuda Triangle	Eleanor of Acquitaine	Prescription Tees	Papago Safi Cassegrainian	6791830209	$10.00 	2022-01-24	1	1i0Ppee8r9
448	Tarahumar - Siphonariidae & Elephantopus	LaTeX	Michael Scott	Martian Colony	Tagalo Porphyrianist Heliogabalize	87224	$44.50 	2022-01-21	1	7CnM28t4ar
449	Insecta	SQL Answers	Jonah J. Jameson	Skynet	Mosaical Tang	91691356-4541345	$29.95 	2022-02-07	1	Se1364kt9-
450	Insecta	Undertow Tech	Joey Bosa	GhostGlass	Vespidae Ottomanize Apotactic Incan	648025	$200.00 	2022-02-06	1	o68Gs0stsa
451	Antiochian Cocle	The Weather Channel	Gary Fern	Apple Core	Scripturalist 1 Landsmaal	03638	$380.00 	2021-07-11	1	063plCo83e
452	Aglaos	Emphatic Comms	David Guerra	PharoTek	Wernerian Enajim	714635N30	$1.57 	2021-04-10	1	5P3a67oe1h
453	Teucrian	Pursuit Partners	Dick Wolff	OrderAxion	Dicynodontidae Minorcan Erpetoichthys	23427	$70.00 	2022-09-12	1	4rxinAOde3
454	Dianil	SQL Answers	Jonah J. Jameson	Redundant Accessories	Oleacinidae Ciceronian Myxinoidei Latris	57S6581	$696.77 	2022-02-06	1	udseSetaAs
455	Insecta	Undertow Tech	Joey Bosa	GhostGlass	Vespidae Ottomanize Apotactic Incan	764032	$25.00 	2022-02-06	1	sohls3G06G
456	Teucrian	Cloud Atlas	Steve Rogers	Mordor	Mohammedanism Tectona Sciurus	48990268203	$7,846.12 	2021-12-28	1	d898o2M493
457	Teucrian	Galaxy	Nanny Ogden	Laborious Home	Norumbega Penny Pterophorus Wednesday & Wedgwood Pleistocenic (Npw Lithuanic	NPW1	$899.45 	2022-10-12	1	LreoWuPHia
458	Cuchulainn Lesbian	Cloud Atlas	Steve Rogers	Apple Core	Zapara Isuridae	95439	$1,925.00 	2021-01-04	1	e5e4op99Ar
459	Thesmophoric Samnani	LaTeX	Michael Scott	Archery	Shilh Baedekerian Batocrinus & Gesnera	3005DA4	$63.96 	2022-01-19	2	yer3A4Dc0r
460	Thesmophoric Samnani	LaTeX	Michael Scott	Archery	Shilh Baedekerian Batocrinus & Gesnera	3005DA4	$12.99 	2022-01-20	2	yer3A4Dc0r
461	Aglaos	Emphatic Comms	David Guerra	Genomicon	Illyric Corvus	9417168	$1,305.19 	2021-06-08	1	4nn1e8omi1
462	Cassicus Sphaeromidae	Healthy Relationships	Amadeus Ketchup	PharoTek	Uran Surinam Chelidosaurus Laura	69808878	$162.41 	2021-05-07	1	hT6a8P0897
463	Insecta	SQL Answers	Jonah J. Jameson	Skynet	Mosaical Tang	88326581134817-8	$29.95 	2022-02-07	1	t7ke581888
464	Antiochian Cocle	General Coelecanth Nativity	San Pelegrino	Redundant Accessories	Banda	26305S1	$2,500.00 	2021-11-05	1	dSn03esnco
465	Insecta	Cloud Atlas	Steve Rogers	ShelfEdge	Integropalliata Petalostemon Iriartea	16170	$1,150.87 	2020-10-05	1	Ee1hgde6f0
466	Insecta	DVD Bounce	Charlemagne	Youngfire	Werner Redemptine Rapaces Edwardeanism	13308702-954-	$299.64 	2022-01-15	1	7ruo01g842
467	Teucrian	Pursuit Partners	Dick Wolff	Mettle Tester	Freon Hydatina	863182	$147.99 	2022-09-12	1	l6ee2reTet
468	Tarahumar - Siphonariidae & Elephantopus	LaTeX	Michael Scott	Glycerine	Theresa Briggs Agaz Grusian Chin Ottomite Peggy Basilica Chatillon Irvingite	622242	$62.50 	2022-01-21	1	26Gee2r2in
469	Insecta	Bermuda Triangle	Eleanor of Acquitaine	GhostGlass	Katharina Russophilism Lucile	881493	$99.00 	2022-03-07	1	ha8s8Gt13G
470	Aglaos	Emphatic Comms	David Guerra	PharoTek	Siphunculata Amir Gluneamie	85-ISAL71T3187	$0.15 	2021-04-12	1	8178r7-e5o
471	Insecta	SQL Answers	Jonah J. Jameson	Youngfire	Euphyllopoda Mick Liyuan	-57863861-960	$86.89 	2022-02-07	1	r16790-5u3
472	Insecta	DVD Bounce	Charlemagne	Darwin	Nozi Heterosiphonales Holochoanoida Camelidae	1087170017321-6	$6.00 	2022-01-15	1	8n12Dr7117
473	Insecta	SQL Answers	Jonah J. Jameson	Wood Join	Robinia Cibolan Mustela Lena	28517	$34.00 	2022-02-05	1	d285iooW17
474	Insecta	Bermuda Triangle	Eleanor of Acquitaine	GhostGlass	Machiavellian Polyzoa	934045	$28.95 	2022-01-24	1	thas49G0ss
475	Insecta	Undertow Tech	Joey Bosa	Fluss	Graptolithina	P99530R20	$1.32 	2022-02-06	1	sRu3s5200P
476	Beni Osirify	Paperclip Maximizer	Peppermint Patty	Physics Portmanteau	Irishian Spirula Ichneumonides	CM807020	$240.00 	2022-06-12	1	rn2e7ytMPP
477	Insecta	Undertow Tech	Joey Bosa	Perfect Square	Quakerishly Harvardian	3330106008509A-O	$18.25 	2022-02-06	1	0c13tA5-Sa
478	Insecta	Treasure Planet	Sean Bean	Banana Farm	Variag Protylopus Chanca	5s4e-eiim1mair oiCiVrsu4 attnP	$199.00 	2022-10-13	1	5iF4tPeiiB
479	Beni Osirify	Paperclip Maximizer	Peppermint Patty	Physics Portmanteau	Odobenus Norway Liguorian	C015M009	$191.00 	2022-01-20	1	000semonPi
480	Insecta	DVD Bounce	Charlemagne	Fluss	Toriest Ovovivipara Ginkgoales	17R846235P2	$12.00 	2022-01-15	1	85Rs2P4lu7
481	Byzantinize Tamaroa	MoonMoth	Monica Lewinski	Physics Portmanteau	Harris Cricotus	19M0801C	$39.00 	2021-04-08	1	0ttuiM91sC
482	Insecta	Bermuda Triangle	Eleanor of Acquitaine	Ablative Company	Rajidae Chlamydobacteriales Synoptistic Lapithaean	8112243	$591.00 	2022-01-24	1	8Cv3ob2a1A
483	Insecta	Bermuda Triangle	Eleanor of Acquitaine	GhostGlass	Dashnak Virgularia	905047	$54.15 	2022-09-07	1	5oG7Gs0ht9
484	Insecta	Bermuda Triangle	Eleanor of Acquitaine	GhostGlass	Chroococcus Bertholletia Coraciiformes	237805	$42.70 	2022-01-24	1	ol78G2s0sG
485	Insecta	Terrier Networks	Elastigirl	PharoTek	Tinne Monterey Coumarouna	203919533	$236.43 	2022-10-10	1	2Th13oak3e
486	Insecta	Bermuda Triangle	Eleanor of Acquitaine	GhostGlass	Inocarpus Endamoeba	363591	$23.25 	2022-01-23	1	lhs5st3361
487	Insecta	Undertow Tech	Joey Bosa	Physics Portmanteau	Achatinidae Inia Cellucotton	21B233M5	$50.00 	2022-02-06	1	o2Py315iht
488	Insecta	DVD Bounce	Charlemagne	PharoTek	Hester Oleraceae Andesic Imerina	40053727	$4.95 	2022-01-15	1	72P4oeT3k7
489	Thesmophoric Samnani	LaTeX	Michael Scott	Fluss	Nyroca Ourouparia Dagmar Irani	204428802	$0.15 	2022-01-21	1	u2ss8F24l8
490	Xenophonic	SQL Answers	Jonah J. Jameson	Mettle Tester	Muscovi Averrhoa Etruscology	88918	$24.27 	2022-02-06	1	ltM98rT8et
491	Insecta	Undertow Tech	Joey Bosa	GhostGlass	Vespidae Ottomanize Apotactic Incan	433004	$20.00 	2022-02-06	1	ls334G0tsa
492	Antiochian Cocle	Pursuit Partners	Dick Wolff	AusYouth	Jewishly Scirophoria	265835	$424.35 	2022-09-12	1	Y2A38thuu5
493	Byzantinize Tamaroa	Moccasin	Daniel LaRusso	Prescription Tees	Chorotega Trifolium Gerbillus Drassidae & Wertherian	151602	$19.00 	2021-04-05	1	TPoipcsn10
494	Insecta	Bermuda Triangle	Eleanor of Acquitaine	TaskRabbitHutch	Theopaschist Neotremata Rommany Lepidodendraceae	064236	$5.00 	2022-01-24	1	3Ha4bskt2c
495	Insecta	Bermuda Triangle	Eleanor of Acquitaine	GhostGlass	Katharina Russophilism Lucile	493638	$41.45 	2022-01-24	1	3a8496olGt
496	Insecta	Terrier Networks	Elastigirl	Fission	Menkib Calicut Hysteriales Canellaceae	CMCcphaM iarm y-aPrH	$455.55 	2021-12-06	1	MCicpaaiFr
497	Teucrian	Pursuit Partners	Dick Wolff	Countertop Comms	Antiarcha Dichorisandra Carcharhinus Insectivora	7387764	$68.59 	2022-09-12	1	3ot7mop4C6
498	Insecta	SQL Answers	Jonah J. Jameson	Ear Throw	Levitism Chalcididae Myrcia Lecanoraceae	O37-865276	$116.85 	2022-06-09	1	hE-6o6Ow53
499	Insecta	Undertow Tech	Joey Bosa	GhostGlass	Vespidae Ottomanize Apotactic Incan	233074	$25.00 	2022-02-06	1	h74oals32G
